Date,Quart_de_travail,Quantite_betteraves_tonnes,Teneur_sucre_pct,Teneur_eau_pct,Impuretes_pct,Debit_tonnes_par_heure,Temperature_ebullition_C,Niveau_pH,Nombre_ouvriers,Cause_arret,Duree_arret_minutes,Quantite_sucre_produit_tonnes,Efficacite,Consommation_energie_kWh,Utilisation_produits_chimiques_kg,Pourcentage_sucre_rejete,Temperature_C,Humidite_pct,Mois
2023-04-02,matin,318.12,15.76,75.52,3.61,38.37,103.3,6.23,31.0,aucun,0.0,47.93,0.1507,4695.97,186.99,0.94,18.1,59.8,avril
2023-08-22,apres-midi,296.67,18.77,73.18,3.96,33.22,102.13,6.45,20.0,aucun,0.0,62.23,0.2098,3177.08,119.59,0.98,25.2,55.6,aout
2023-04-12,apres-midi,373.43,16.76,76.09,3.87,46.29,103.39,6.64,29.0,aucun,0.0,63.4,0.1698,4257.06,123.95,1.74,28.5,52.0,avril
2023-11-21,matin,319.26,17.1,73.64,2.01,41.01,103.66,6.24,33.0,aucun,0.0,57.11,0.1789,4752.38,136.56,1.32,22.4,63.7,novembre
2023-10-25,matin,300.49,16.16,77.49,2.08,36.61,102.35,6.66,34.0,panne equipement,108.0,37.06,0.1233,3257.63,110.33,2.41,30.6,72.9,octobre
2023-05-19,matin,342.96,18.62,76.44,3.4,45.61,102.53,6.47,22.0,aucun,0.0,70.68,0.2061,3796.78,108.16,2.02,21.7,47.0,mai
2023-11-11,apres-midi,285.44,17.97,72.08,3.28,36.47,103.97,6.49,33.0,retard matiere premiere,33.0,51.9,0.1818,3513.74,108.14,2.3,30.0,55.4,novembre
2023-06-01,apres-midi,442.03,17.44,72.63,2.79,54.25,103.05,6.34,25.0,aucun,0.0,81.85,0.1852,4865.95,235.73,2.42,27.3,42.5,juin
2023-04-06,apres-midi,323.65,17.54,77.11,2.57,41.35,102.72,6.75,25.0,aucun,0.0,60.09,0.1857,4201.44,192.08,0.63,30.5,61.8,avril
2023-10-04,apres-midi,299.84,17.26,74.32,2.43,36.44,103.38,6.77,30.0,panne equipement,96.0,43.52,0.1452,4254.94,102.74,1.09,26.5,71.6,octobre
2023-03-15,matin,247.12,15.31,73.48,2.79,30.89,102.79,6.34,30.0,aucun,0.0,35.4,0.1433,3298.79,120.08,1.93,30.1,48.9,mars
2023-12-30,apres-midi,313.19,17.59,77.27,3.19,42.47,102.06,6.31,28.0,panne electrique,43.0,53.03,0.1693,4542.44,174.19,0.74,24.4,54.8,decembre
2023-12-22,matin,298.375,15.75,77.19,2.59,26.29,104.73,6.63,26.0,panne electrique,113.0,24.94,0.1153,3233.67,95.58,0.69,31.6,43.1,decembre
2023-06-07,apres-midi,329.3,16.71,77.89,4.84,44.55,104.1,6.68,23.0,panne electrique,65.0,47.63,0.1446,4812.05,187.04,0.77,20.3,51.9,juin
2023-08-30,apres-midi,363.98,15.93,71.98,4.06,49.79,103.76,6.42,27.0,aucun,0.0,56.34,0.1548,4814.82,201.14,2.49,26.1,57.9,aout
2023-11-15,apres-midi,249.16,17.57,71.36,2.53,31.44,102.13,6.79,26.0,aucun,0.0,46.98,0.1886,2835.42,135.99,0.69,28.8,47.7,novembre
2023-09-04,apres-midi,263.96,15.81,73.74,4.66,33.62,103.7,6.79,25.0,maintenance,71.0,34.06,0.129,3749.62,102.53,1.14,18.2,46.4,septembre
2023-11-05,apres-midi,267.78,18.48,73.76,3.92,35.98,104.16,6.37,34.0,aucun,0.0,54.62,0.204,2948.69,136.56,0.51,22.1,69.1,novembre
2023-02-09,apres-midi,357.02,16.56,72.27,2.57,45.89,103.65,6.51,34.0,aucun,0.0,60.07,0.1682,4290.12,160.07,2.24,22.2,63.2,fevrier
2023-08-29,apres-midi,190.05,18.63,73.32,2.06,21.1,102.43,6.74,21.0,aucun,0.0,39.73,0.2091,2084.94,99.57,1.56,24.9,51.8,aout
2023-01-23,apres-midi,193.25,17.65,77.45,4.61,23.49,102.57,6.24,30.0,aucun,0.0,35.9,0.1858,2562.91,91.21,0.87,26.6,42.7,janvier
2023-09-03,matin,324.47,16.35,70.98,4.14,39.62,102.69,6.71,29.0,aucun,0.0,52.93,0.1631,4622.44,122.87,0.8,22.2,67.1,septembre
2023-08-09,matin,327.12,17.95,72.76,3.92,43.2,104.18,6.6,29.0,maintenance,35.0,58.84,0.1799,4737.6,115.37,1.5,27.7,57.9,aout
2023-11-21,apres-midi,311.42,17.76,74.64,4.68,36.81,104.28,6.38,20.0,aucun,0.0,58.79,0.1888,4488.21,168.36,1.71,28.5,50.0,novembre
2023-08-29,matin,411.74,17.41,72.21,4.8,49.38,104.01,6.63,20.0,aucun,0.0,75.32,0.1829,5290.4,226.08,0.55,25.7,68.8,aout
2023-09-25,apres-midi,363.09,17.32,73.79,3.88,47.65,103.76,6.73,31.0,maintenance,111.0,50.66,0.1395,4036.23,187.42,1.2,28.9,48.9,septembre
2023-03-07,apres-midi,282.53,16.58,70.98,2.77,33.82,103.54,6.5,30.0,aucun,0.0,47.72,0.1689,2943.48,166.65,1.09,22.1,51.6,mars
2023-04-15,matin,300.31,15.27,74.83,4.5,39.67,103.98,6.74,21.0,aucun,0.0,42.27,0.1407,3957.79,92.88,2.03,25.8,43.6,avril
2023-12-23,matin,300.68,17.21,74.19,3.84,37.84,102.62,6.43,27.0,aucun,0.0,53.88,0.1792,4240.0,137.88,2.49,23.7,41.5,decembre
2023-06-30,matin,252.62,18.87,74.2,2.37,28.9,103.53,6.39,22.0,aucun,0.0,53.81,0.213,2932.25,140.95,0.63,18.2,47.5,juin
2023-02-06,matin,265.35,15.97,70.68,4.49,33.02,103.64,6.52,24.0,aucun,0.0,41.27,0.1555,3633.0,108.11,1.08,24.7,57.2,fevrier
2023-04-18,apres-midi,210.94,19.0,74.67,4.92,24.4,104.72,6.51,21.0,aucun,0.0,44.84,0.2126,2408.74,125.75,0.62,19.1,63.6,avril
2023-08-10,matin,252.4,15.09,71.8,2.47,28.91,102.43,6.25,30.0,aucun,0.0,35.22,0.1395,3439.33,88.6,1.77,18.9,55.7,aout
2023-03-06,matin,365.93,15.4,76.87,2.63,48.17,102.82,6.66,32.0,maintenance,49.0,47.3,0.1293,4993.58,119.34,1.2,23.1,61.1,mars
2023-03-13,matin,366.74,16.77,71.67,4.46,49.93,104.22,6.25,24.0,aucun,0.0,62.69,0.1709,5488.84,140.9,1.18,19.3,73.1,mars
2023-07-20,apres-midi,234.48,15.87,75.15,2.53,32.1,104.26,6.35,22.0,aucun,0.0,36.05,0.1537,2873.56,93.89,0.66,26.5,69.0,juillet
2023-01-24,apres-midi,265.32,16.21,77.83,4.85,34.93,104.18,6.64,26.0,aucun,0.0,41.85,0.1577,2847.62,120.03,1.16,24.5,74.0,janvier
2023-11-17,matin,244.66,15.0,74.5,2.65,32.37,102.23,6.32,28.0,aucun,0.0,33.49,0.1369,3016.36,109.95,0.65,23.8,54.3,novembre
2023-03-10,apres-midi,356.03,16.96,74.61,3.55,43.82,103.16,6.34,22.0,aucun,0.0,62.08,0.1744,5005.98,155.96,0.57,30.1,64.8,mars
2023-11-04,apres-midi,211.48,16.77,73.49,3.57,25.8,103.57,6.59,29.0,aucun,0.0,36.16,0.171,2677.49,105.76,0.59,19.7,46.4,novembre
2023-10-02,matin,317.85,15.0,73.81,3.72,41.43,103.6,6.29,34.0,aucun,0.0,43.34,0.1364,3879.53,167.84,2.14,19.9,64.7,octobre
2023-02-15,apres-midi,400.85,19.0,75.54,3.47,53.57,104.36,6.68,22.0,panne equipement,19.0,82.3,0.2053,5191.23,180.27,1.82,30.6,50.2,fevrier
2023-10-03,matin,293.83,15.91,77.83,4.26,35.22,104.78,6.74,22.0,aucun,0.0,44.78,0.1524,3132.17,100.88,1.64,26.5,71.8,octobre
2023-08-13,apres-midi,389.67,17.0,70.23,4.18,47.33,103.08,6.68,24.0,aucun,0.0,68.67,0.1762,5570.82,141.24,1.25,23.7,56.7,aout
2023-02-19,apres-midi,267.1,16.02,72.24,4.75,34.95,102.54,6.23,29.0,panne electrique,104.0,32.61,0.1221,2887.73,128.15,1.12,25.5,56.3,fevrier
2023-02-28,apres-midi,325.28,18.55,71.42,4.43,41.96,102.5,6.52,26.0,panne electrique,86.0,54.94,0.1689,3977.73,174.22,1.66,18.9,64.1,fevrier
2023-10-20,apres-midi,309.07,16.61,74.95,4.53,38.5,103.68,6.56,26.0,aucun,0.0,51.52,0.1667,3658.85,152.06,2.21,28.4,62.1,octobre
2023-10-12,matin,289.53,17.48,77.6,4.78,34.71,103.03,6.24,33.0,panne equipement,85.0,43.42,0.15,3495.06,101.42,1.73,28.3,56.4,octobre
2023-04-23,apres-midi,264.6,17.73,70.2,2.27,32.42,103.36,6.55,20.0,aucun,0.0,50.89,0.1923,3731.75,140.2,1.75,25.3,63.0,avril
2023-10-24,matin,385.86,17.82,71.41,3.14,45.99,104.43,6.48,29.0,aucun,0.0,74.41,0.1928,4487.87,170.52,2.46,26.1,43.9,octobre
2023-03-20,apres-midi,302.93,18.16,71.64,3.68,40.29,103.32,6.75,32.0,panne equipement,63.0,52.32,0.1727,4243.59,148.5,2.27,26.6,41.6,mars
2023-05-31,apres-midi,395.45,18.64,74.9,3.89,37.41,104.12,6.77,25.0,aucun,0.0,81.75,0.2067,5467.08,161.18,1.36,26.3,60.2,mai
2023-06-20,matin,346.95,17.13,72.45,2.73,43.7,103.63,6.61,32.0,aucun,0.0,62.19,0.1792,4571.49,162.84,0.88,28.0,71.2,juin
2023-11-01,matin,309.77,17.61,74.13,2.83,37.27,103.84,6.73,34.0,retard matiere premiere,28.0,54.79,0.1769,4488.7,174.88,2.34,24.8,60.0,novembre
2023-06-17,matin,343.14,15.76,70.69,4.91,42.64,104.13,6.65,23.0,aucun,0.0,51.87,0.1512,4139.29,125.22,2.19,25.0,62.2,juin
2023-03-26,matin,255.68,17.28,72.46,2.24,33.91,102.88,6.3,21.0,panne electrique,81.0,38.82,0.1518,3338.87,112.86,1.03,27.8,42.6,mars
2023-05-23,matin,229.99,16.49,70.53,2.41,29.74,103.0,6.37,26.0,inconnu,0.0,38.55,0.1676,2453.23,125.18,0.76,28.4,66.2,mai
2023-01-27,matin,295.18,18.25,71.02,3.02,34.27,103.56,6.66,32.0,aucun,0.0,59.47,0.2015,3765.31,105.99,1.53,19.5,71.6,janvier
2023-01-25,apres-midi,213.18,17.28,71.52,3.32,24.74,104.91,6.24,21.0,aucun,0.0,38.78,0.1819,2888.18,100.43,1.8,28.8,48.6,janvier
2023-04-08,apres-midi,265.22,16.4,74.05,3.85,33.12,103.49,6.73,23.0,aucun,0.0,43.35,0.1635,2726.64,146.6,2.25,28.2,73.3,avril
2023-01-22,apres-midi,290.0,17.63,71.61,4.64,35.2,102.64,6.25,29.0,aucun,0.0,54.38,0.1875,3749.98,118.68,1.61,29.4,44.9,janvier
2023-06-20,apres-midi,239.99,16.92,71.89,4.98,29.79,102.78,6.79,33.0,aucun,0.0,41.61,0.1734,2838.58,135.0,2.41,18.7,47.2,juin
2023-09-13,matin,419.03,17.06,77.34,4.55,51.88,103.01,6.36,22.0,retard matiere premiere,110.0,56.37,0.1345,6272.97,208.78,0.96,29.5,42.2,septembre
2023-06-08,apres-midi,273.74,16.22,74.23,3.3,35.78,102.41,6.76,33.0,aucun,0.0,43.91,0.1604,3403.79,156.41,0.65,23.6,72.6,juin
2023-05-11,matin,204.45,16.72,74.71,3.95,21.72,104.95,6.56,33.0,aucun,0.0,34.63,0.1694,2210.93,90.58,1.2,23.1,64.0,mai
2023-01-28,matin,337.18,17.37,77.73,3.02,43.72,104.43,6.7,22.0,aucun,0.0,61.24,0.1816,4643.31,117.08,1.57,30.0,57.1,janvier
2023-02-15,matin,231.08,17.02,70.41,2.74,31.25,104.34,6.62,27.0,aucun,0.0,41.09,0.1778,3192.22,69.66,1.9,19.4,71.3,fevrier
2023-04-02,apres-midi,281.72,15.61,70.46,4.09,35.89,103.56,6.64,22.0,aucun,0.0,41.95,0.1489,3588.12,106.11,1.9,20.5,70.4,avril
2023-06-21,apres-midi,389.03,17.14,75.53,3.58,50.35,102.13,6.78,26.0,aucun,0.0,69.08,0.1776,4513.03,224.84,1.31,21.8,46.1,juin
2023-10-13,apres-midi,383.52,18.01,73.54,2.96,46.35,104.72,6.64,32.0,aucun,0.0,75.08,0.1958,5230.15,152.69,0.85,28.6,75.0,octobre
2023-02-16,matin,377.8,18.67,74.73,2.57,47.02,102.46,6.21,28.0,panne electrique,84.0,65.05,0.1722,5659.1,124.37,2.34,30.9,70.9,fevrier
2023-09-01,apres-midi,294.69,16.19,75.5,4.04,36.26,103.0,6.39,33.0,panne electrique,81.0,38.86,0.1319,4276.83,129.99,1.8,24.4,52.9,septembre
2023-09-04,matin,271.3,16.44,77.79,4.97,34.34,103.26,6.34,26.0,aucun,0.0,43.99,0.1621,2946.14,136.56,0.64,30.2,67.7,septembre
2023-11-30,apres-midi,260.49,17.23,73.9,4.12,32.89,104.04,6.69,23.0,aucun,0.0,46.42,0.1782,2884.65,85.95,0.85,28.2,70.0,novembre
2023-08-25,matin,417.34,16.1,71.09,3.45,54.02,103.6,6.67,34.0,aucun,0.0,66.27,0.1588,5456.08,190.59,1.24,26.4,54.6,aout
2023-10-31,matin,218.58,17.25,71.4,3.62,26.96,104.71,6.25,27.0,aucun,0.0,39.61,0.1812,2198.18,107.73,1.07,21.0,67.3,octobre
2023-12-26,apres-midi,204.63,18.75,77.28,3.87,23.35,104.79,6.72,23.0,aucun,0.0,42.52,0.2078,2906.11,88.15,2.12,29.1,66.8,decembre
2023-05-11,apres-midi,223.87,16.71,71.31,4.74,30.94,103.97,6.43,22.0,aucun,0.0,37.96,0.1696,2847.31,85.47,2.49,29.4,46.0,mai
2023-06-01,matin,229.14,17.15,75.18,2.07,28.01,102.7,6.58,33.0,panne equipement,113.0,31.41,0.1371,2783.74,121.76,1.86,24.2,49.0,juin
2023-12-14,matin,262.08,18.26,77.08,5.0,31.84,103.74,6.57,27.0,aucun,0.0,51.71,0.1973,2801.68,107.74,1.68,20.0,54.9,decembre
2023-11-01,apres-midi,331.28,16.78,71.19,2.12,39.73,102.04,6.78,26.0,aucun,0.0,57.42,0.1733,4228.81,140.2,0.7,18.3,49.6,novembre
2023-11-23,apres-midi,352.13,16.78,74.32,3.88,46.19,103.85,6.27,31.0,aucun,0.0,60.11,0.1707,3565.62,173.88,1.93,22.4,71.8,novembre
2023-06-23,matin,288.89,16.45,72.17,2.54,32.42,102.76,6.3,31.0,aucun,0.0,48.02,0.1662,4236.73,111.51,1.47,30.7,61.4,juin
2023-12-27,apres-midi,292.4,17.15,72.98,2.27,36.53,102.24,6.49,33.0,aucun,0.0,52.58,0.1798,3315.25,150.92,0.87,30.8,59.4,decembre
2023-05-30,apres-midi,271.03,17.75,76.96,4.52,34.78,104.13,6.39,31.0,aucun,0.0,50.94,0.1879,2847.23,85.98,0.8,23.2,52.6,mai
2023-02-01,matin,282.87,16.88,74.9,2.35,35.54,102.05,6.42,21.0,panne equipement,64.0,42.61,0.1506,4014.29,164.85,0.51,31.5,45.8,fevrier
2023-09-18,apres-midi,372.1,16.38,73.92,3.47,50.81,103.84,6.78,32.0,aucun,0.0,60.78,0.1633,4332.96,171.85,1.74,25.1,60.2,septembre
2023-04-16,apres-midi,313.93,15.0,72.32,2.66,38.51,103.18,6.31,24.0,panne electrique,54.0,38.31,0.122,3569.29,180.28,1.37,29.6,59.6,avril
2023-10-22,apres-midi,269.53,17.97,70.07,2.75,35.89,104.64,6.65,32.0,aucun,0.0,53.01,0.1967,2836.55,113.34,0.66,25.9,65.6,octobre
2023-07-26,apres-midi,305.75,17.51,73.44,4.55,36.53,102.57,6.3,25.0,aucun,0.0,56.44,0.1846,4399.99,168.73,1.83,22.5,56.5,juillet
2023-06-05,matin,306.8,18.54,72.87,3.01,44.36,104.08,6.33,34.0,aucun,0.0,63.31,0.2064,4512.89,179.52,2.37,30.2,47.2,juin
2023-10-11,apres-midi,295.52,16.72,72.46,2.94,37.81,104.66,6.46,27.0,aucun,0.0,50.55,0.1711,4422.5,99.36,1.64,31.2,60.7,octobre
2023-02-28,matin,346.61,17.03,70.45,2.09,43.15,103.47,6.76,25.0,aucun,0.0,61.88,0.1785,4304.95,107.66,0.83,31.5,70.5,fevrier
2023-05-01,matin,266.74,15.18,72.3,3.55,31.98,104.49,6.8,22.0,aucun,0.0,37.47,0.1405,3843.96,98.45,0.9,23.3,40.6,mai
2023-04-25,apres-midi,233.16,16.55,71.03,2.34,29.34,103.2,6.22,28.0,aucun,0.0,39.34,0.1687,3000.28,125.77,1.53,20.5,51.3,avril
2023-09-09,matin,326.52,17.94,77.93,2.76,40.23,103.95,6.2,21.0,panne electrique,72.0,53.52,0.1639,4810.1,108.89,2.16,21.3,61.9,septembre
2023-11-16,matin,294.85,18.66,77.39,2.58,39.41,103.91,6.4,23.0,aucun,0.0,61.15,0.2074,4040.02,167.83,2.04,29.7,74.3,novembre
2023-02-04,apres-midi,338.66,17.31,70.1,4.14,40.01,103.11,6.28,28.0,aucun,0.0,61.73,0.1823,4837.85,107.25,1.21,18.1,47.9,fevrier
2023-07-19,apres-midi,306.21,15.77,77.01,3.57,39.01,104.08,6.31,25.0,aucun,0.0,46.09,0.1505,4011.3,117.89,0.52,26.3,67.7,juillet
2023-05-09,apres-midi,264.05,18.01,73.56,4.19,32.89,104.83,6.25,23.0,aucun,0.0,51.37,0.1946,3390.02,85.5,1.87,24.7,71.2,mai
2023-01-05,matin,356.94,16.98,75.83,4.31,41.62,103.97,6.63,31.0,aucun,0.0,62.0,0.1737,4366.34,127.55,2.28,24.6,47.4,janvier
2023-06-03,matin,430.51,18.23,73.97,4.6,52.04,104.98,6.21,21.0,retard matiere premiere,19.0,81.97,0.1904,5255.4,160.09,1.25,25.0,70.4,juin
2023-02-08,apres-midi,227.64,17.43,76.18,2.29,31.15,102.7,6.57,30.0,retard matiere premiere,56.0,37.02,0.1626,3032.42,80.35,0.67,26.1,71.9,fevrier
2023-12-21,matin,260.0,18.17,74.84,4.52,30.64,103.73,6.68,34.0,aucun,0.0,51.17,0.1968,3757.63,127.92,1.09,28.0,69.0,decembre
2023-05-19,apres-midi,255.98,16.75,76.57,3.49,33.04,102.89,6.45,33.0,aucun,0.0,43.42,0.1696,2987.63,110.24,2.46,21.4,52.6,mai
2023-07-11,matin,306.56,18.88,73.58,3.16,38.15,102.57,6.42,31.0,aucun,0.0,65.22,0.2127,3755.23,139.32,2.14,18.2,70.3,juillet
2023-06-17,apres-midi,268.79,17.1,72.25,3.72,35.66,102.4,6.34,34.0,aucun,0.0,47.81,0.1779,3626.15,95.52,0.83,27.7,69.2,juin
2023-01-18,matin,356.9,16.58,77.98,4.78,44.12,102.87,6.77,21.0,aucun,0.0,58.81,0.1648,4394.35,160.88,1.47,28.9,53.7,janvier
2023-07-27,apres-midi,236.19,17.45,76.94,2.25,30.21,102.19,6.33,25.0,aucun,0.0,43.52,0.1843,3214.51,123.81,1.29,25.1,45.5,juillet
2023-12-16,apres-midi,269.81,15.0,77.04,3.91,32.83,102.46,6.49,34.0,aucun,0.0,36.51,0.1353,3393.36,105.79,1.88,24.5,62.3,decembre
2023-01-08,apres-midi,290.43,16.32,75.74,3.26,38.06,102.43,6.32,31.0,aucun,0.0,46.98,0.1618,3655.66,110.19,0.67,28.1,47.1,janvier
2023-11-08,apres-midi,327.88,17.66,76.23,4.16,41.09,103.23,6.49,24.0,aucun,0.0,61.23,0.1868,4596.04,136.51,2.1,28.0,49.2,novembre
2023-07-13,apres-midi,319.66,17.15,71.25,3.11,42.44,104.93,6.58,25.0,aucun,0.0,57.44,0.1797,3681.69,112.1,0.68,25.6,71.1,juillet
2023-08-14,matin,387.53,17.0,70.36,2.69,49.71,102.99,6.59,31.0,aucun,0.0,68.8,0.1775,5701.57,228.9,1.31,22.5,41.5,aout
2023-01-25,matin,351.93,17.33,74.42,4.63,42.84,104.13,6.61,21.0,aucun,0.0,63.56,0.1806,5270.73,191.5,0.74,31.0,40.2,janvier
2023-07-08,matin,372.01,15.14,76.08,4.86,48.29,102.43,6.8,28.0,aucun,0.0,51.23,0.1377,3783.12,221.4,0.55,22.1,56.7,juillet
2023-11-12,apres-midi,364.28,16.91,76.35,3.18,43.77,104.82,6.38,26.0,aucun,0.0,63.04,0.1731,3800.61,202.85,1.75,26.1,71.5,novembre
2023-04-05,matin,320.68,16.24,70.46,3.19,41.3,103.86,6.52,24.0,panne equipement,93.0,41.89,0.1306,4579.79,163.47,1.24,26.3,56.4,avril
2023-11-19,matin,359.84,17.29,73.28,3.49,44.42,104.32,6.53,27.0,aucun,0.0,65.29,0.1814,3896.3,132.28,0.51,28.3,71.0,novembre
2023-02-07,matin,318.96,17.83,77.65,3.48,39.44,104.97,6.36,29.0,panne electrique,69.0,51.95,0.1629,3515.47,117.92,1.74,24.2,44.5,fevrier
2023-06-06,apres-midi,355.85,16.35,72.77,2.08,39.71,102.41,6.44,31.0,aucun,0.0,58.45,0.1643,4117.88,171.48,1.49,29.5,56.6,juin
2023-04-11,apres-midi,386.07,18.58,76.43,4.94,47.68,103.55,6.48,28.0,panne equipement,76.0,66.19,0.1714,4626.18,219.32,1.0,26.5,64.5,avril
2023-04-17,apres-midi,354.84,18.38,72.22,4.22,45.1,103.16,6.64,24.0,panne equipement,77.0,60.28,0.1699,4083.89,114.4,2.49,19.7,68.7,avril
2023-02-20,apres-midi,319.41,19.0,72.59,3.27,39.85,104.83,6.57,34.0,aucun,0.0,68.76,0.2153,4437.52,120.68,0.55,27.2,73.9,fevrier
2023-09-14,apres-midi,360.58,17.44,74.93,4.43,47.05,102.37,6.24,26.0,aucun,0.0,65.94,0.1829,5365.99,170.5,1.85,27.9,70.2,septembre
2023-09-16,apres-midi,388.22,17.39,72.84,4.32,44.88,104.23,6.63,31.0,aucun,0.0,70.95,0.1828,5380.57,216.93,1.53,27.0,65.9,septembre
2023-03-13,apres-midi,296.63,16.02,72.18,3.4,38.89,104.9,6.49,21.0,aucun,0.0,46.56,0.157,3321.48,142.18,1.57,26.8,47.1,mars
2023-09-02,apres-midi,222.82,16.83,73.4,2.41,28.8,102.08,6.24,29.0,aucun,0.0,38.62,0.1733,2462.07,127.86,1.0,28.5,54.9,septembre
2023-08-16,matin,283.61,18.11,76.83,3.5,36.48,102.48,6.22,32.0,aucun,0.0,55.59,0.196,3381.45,115.04,0.79,23.9,53.0,aout
2023-12-29,matin,333.51,17.77,71.37,4.48,43.09,104.13,6.62,25.0,panne electrique,70.0,54.26,0.1627,3652.68,143.24,2.25,21.1,50.1,decembre
2023-05-15,matin,237.85,17.08,70.38,3.18,28.05,103.05,6.56,29.0,aucun,0.0,42.47,0.1786,3042.67,116.16,1.24,28.5,66.0,mai
2023-11-22,matin,379.23,17.88,75.78,2.36,47.32,102.34,6.49,30.0,aucun,0.0,73.22,0.1931,5522.94,206.71,2.11,22.6,52.1,novembre
2023-01-26,apres-midi,280.66,15.73,76.5,2.01,35.27,102.3,6.45,24.0,retard matiere premiere,89.0,34.55,0.1231,3156.11,107.03,0.62,31.4,45.6,janvier
2023-09-06,matin,326.91,15.66,76.88,3.26,39.72,102.59,6.23,30.0,aucun,0.0,48.62,0.1487,3549.98,187.15,2.0,24.3,63.4,septembre
2023-09-27,matin,421.99,15.0,72.22,3.23,50.58,102.73,6.63,27.0,aucun,0.0,57.87,0.1371,5414.37,156.15,2.08,28.5,51.6,septembre
2023-06-24,apres-midi,289.6,18.77,74.02,2.12,35.27,104.17,6.5,21.0,panne equipement,91.0,49.6,0.1713,3975.99,115.26,2.2,20.8,66.4,juin
2023-03-28,apres-midi,317.77,17.09,72.83,2.25,43.37,104.12,6.29,22.0,maintenance,94.0,45.69,0.1438,3246.72,146.16,1.91,25.2,51.4,mars
2023-10-04,matin,218.66,16.78,75.44,2.77,27.1,103.35,6.75,26.0,aucun,0.0,37.44,0.1712,2814.55,115.47,2.07,29.4,74.4,octobre
2023-07-16,matin,231.33,17.32,71.09,2.7,29.61,102.93,6.47,24.0,aucun,0.0,42.45,0.1835,3071.87,73.31,2.14,29.7,70.2,juillet
2023-05-28,matin,325.39,15.18,70.83,2.13,39.18,104.73,6.24,20.0,panne equipement,69.0,39.54,0.1215,3973.72,170.26,1.31,22.6,47.0,mai
2023-01-16,apres-midi,272.66,18.56,75.1,4.31,32.88,104.87,6.43,24.0,aucun,0.0,55.8,0.2046,3352.94,130.24,2.45,25.9,51.1,janvier
2023-08-13,matin,309.06,16.28,77.51,4.75,40.15,102.75,6.37,21.0,panne electrique,109.0,38.04,0.1231,3179.18,149.16,0.84,29.9,71.0,aout
2023-07-22,apres-midi,150.0,15.27,74.75,2.13,18.39,104.71,6.68,31.0,aucun,0.0,21.38,0.1425,1560.59,54.15,2.2,24.9,59.6,juillet
2023-08-18,apres-midi,256.11,18.16,74.64,4.43,32.01,103.58,6.76,29.0,aucun,0.0,50.43,0.1969,3329.89,148.21,1.89,20.8,56.1,aout
2023-04-20,apres-midi,262.05,17.39,72.43,4.97,34.62,102.8,6.53,22.0,aucun,0.0,47.78,0.1823,3368.72,79.0,0.55,31.4,44.5,avril
2023-06-12,matin,282.46,17.13,76.82,2.24,34.64,102.27,6.41,32.0,aucun,0.0,50.29,0.1781,4048.55,159.98,0.88,31.7,61.1,juin
2023-05-02,apres-midi,302.42,17.44,73.43,3.84,35.82,102.31,6.26,34.0,aucun,0.0,55.59,0.1838,3600.93,152.76,1.67,21.5,51.0,mai
2023-09-18,matin,257.96,15.54,70.22,4.18,34.23,104.32,6.63,21.0,maintenance,21.0,36.41,0.1411,3115.53,140.17,0.99,28.2,58.8,septembre
2023-04-04,matin,278.62,15.46,73.74,2.17,32.52,103.08,6.5,22.0,aucun,0.0,40.79,0.1464,3522.32,133.1,2.17,29.7,41.1,avril
2023-10-03,apres-midi,312.85,17.46,70.12,2.61,41.5,102.34,6.23,22.0,retard matiere premiere,52.0,52.06,0.1716,4052.91,182.33,1.86,24.8,66.9,octobre
2023-12-11,apres-midi,225.7,15.97,76.8,4.55,28.05,102.51,6.21,24.0,maintenance,27.0,32.72,0.145,3053.1,104.95,0.71,26.1,64.0,decembre
2023-12-18,apres-midi,291.83,17.63,70.72,2.96,37.93,103.87,6.44,29.0,aucun,0.0,55.3,0.1895,3503.48,152.52,0.9,26.6,46.6,decembre
2023-11-28,matin,296.46,17.74,71.91,4.05,34.83,103.19,6.68,20.0,aucun,0.0,56.36,0.1901,4367.63,142.93,1.92,18.5,72.9,novembre
2023-05-08,apres-midi,308.55,15.0,71.5,2.21,38.93,103.89,6.78,29.0,aucun,0.0,42.59,0.138,3546.43,141.64,2.4,24.5,73.4,mai
2023-03-06,apres-midi,301.31,16.83,73.81,2.56,37.41,102.04,6.64,22.0,aucun,0.0,52.12,0.173,4061.87,179.98,0.67,24.5,43.4,mars
2023-02-03,apres-midi,306.95,16.82,71.63,2.83,37.56,103.05,6.31,24.0,aucun,0.0,53.19,0.1733,3886.12,168.59,0.7,19.3,40.7,fevrier
2023-10-23,apres-midi,341.58,17.81,70.45,3.39,41.34,103.58,6.67,29.0,aucun,0.0,65.79,0.1926,4510.35,198.39,1.3,26.3,71.8,octobre
2023-07-26,matin,323.64,18.55,75.89,4.8,37.82,104.55,6.51,28.0,aucun,0.0,65.84,0.2034,4498.78,158.85,2.33,31.7,50.8,juillet
2023-03-29,matin,311.18,17.67,76.79,2.38,39.16,103.86,6.45,33.0,panne equipement,90.0,47.68,0.1532,3140.99,170.76,1.43,28.0,48.4,mars
2023-02-13,apres-midi,232.02,17.45,74.95,4.38,28.69,104.93,6.4,28.0,aucun,0.0,42.45,0.183,3151.99,107.57,0.51,22.2,43.0,fevrier
2023-02-12,apres-midi,243.01,16.3,70.7,2.22,33.11,104.48,6.34,27.0,aucun,0.0,39.83,0.1639,2998.66,100.63,1.51,26.0,63.8,fevrier
2023-08-02,apres-midi,367.9,18.2,73.71,2.59,48.86,102.75,6.43,25.0,aucun,0.0,73.51,0.1998,4351.21,206.31,1.65,24.2,57.3,aout
2023-01-31,matin,286.35,16.31,74.64,2.52,34.79,102.96,6.46,32.0,panne equipement,61.0,40.62,0.1419,2936.42,102.55,1.91,26.2,45.5,janvier
2023-02-23,matin,170.42,17.27,76.9,3.72,21.44,103.15,6.38,31.0,aucun,0.0,30.59,0.1795,2147.04,88.33,1.26,21.0,43.7,fevrier
2023-05-18,matin,336.38,18.23,75.79,4.2,43.76,102.43,6.3,33.0,panne electrique,16.0,64.37,0.1913,4537.49,153.57,1.37,31.8,53.8,mai
2023-09-21,apres-midi,292.9,15.0,77.88,3.99,35.94,103.84,6.26,30.0,aucun,0.0,39.56,0.135,2935.77,164.5,1.07,27.0,44.3,septembre
2023-08-07,apres-midi,217.62,16.08,73.91,2.61,28.83,103.37,6.51,34.0,aucun,0.0,34.43,0.1582,3230.67,72.15,1.13,29.1,59.4,aout
2023-12-15,matin,387.84,16.85,70.13,2.71,47.91,102.65,6.5,28.0,aucun,0.0,67.67,0.1745,4689.77,211.84,1.83,20.0,57.3,decembre
2023-12-26,matin,349.63,17.57,77.59,3.59,44.13,103.78,6.78,25.0,aucun,0.0,64.75,0.1852,3828.16,199.86,2.17,30.1,40.5,decembre
2023-05-06,matin,407.41,18.23,76.32,2.24,50.59,104.04,6.52,28.0,aucun,0.0,81.35,0.1997,5340.29,223.72,0.98,26.4,42.4,mai
2023-10-09,apres-midi,347.01,16.96,75.23,4.63,42.54,103.52,6.72,28.0,aucun,0.0,60.12,0.1732,4492.81,141.88,1.8,30.1,51.7,octobre
2023-11-18,apres-midi,450.0,16.02,75.38,2.77,57.48,104.46,6.49,27.0,aucun,0.0,70.42,0.1565,6713.75,199.98,0.55,18.6,58.8,novembre
2023-07-07,apres-midi,268.52,17.13,77.95,4.46,36.8,104.38,6.77,24.0,aucun,0.0,47.2,0.1758,2877.67,125.19,2.37,28.7,50.0,juillet
2023-10-16,matin,325.91,16.47,70.01,3.2,37.65,102.71,6.78,30.0,retard matiere premiere,39.0,49.92,0.1532,4214.01,120.75,1.02,27.2,43.2,octobre
2023-01-19,matin,382.2,18.24,70.34,4.08,45.75,103.53,6.22,26.0,panne electrique,88.0,62.57,0.1637,4783.24,223.66,0.97,28.3,66.7,janvier
2023-05-02,matin,262.94,17.23,74.66,4.27,33.5,104.97,6.21,25.0,aucun,0.0,47.06,0.179,3029.51,111.61,2.3,21.7,59.2,mai
2023-11-10,apres-midi,338.9,17.76,72.65,4.91,41.83,102.04,6.69,28.0,aucun,0.0,64.21,0.1895,4845.19,107.23,0.98,30.9,46.2,novembre
2023-02-14,matin,326.31,15.61,75.96,2.66,40.08,104.36,6.43,30.0,aucun,0.0,48.45,0.1485,3610.03,114.49,1.22,30.2,42.6,fevrier
2023-03-28,matin,304.16,16.59,72.07,4.63,39.39,104.15,6.33,22.0,aucun,0.0,50.84,0.1671,4260.05,127.85,2.14,27.2,62.7,mars
2023-03-23,apres-midi,310.26,17.42,75.85,4.71,42.79,103.14,6.21,33.0,aucun,0.0,56.38,0.1817,4270.48,106.96,2.32,27.3,42.2,mars
2023-06-29,matin,252.85,16.14,71.25,2.23,32.59,102.41,6.26,21.0,aucun,0.0,40.63,0.1607,3730.52,125.61,1.15,20.9,40.9,juin
2023-08-02,matin,309.03,18.15,72.0,2.14,37.41,103.29,6.31,29.0,maintenance,43.0,56.28,0.1821,4031.19,181.59,0.66,22.0,49.9,aout
2023-07-20,matin,293.76,17.58,70.06,3.83,39.17,103.74,6.54,28.0,aucun,0.0,55.21,0.1879,3475.02,102.24,1.95,31.3,73.5,juillet
2023-05-05,apres-midi,312.12,15.0,71.48,2.34,41.53,102.77,6.5,25.0,retard matiere premiere,44.0,39.11,0.1253,4260.47,135.91,2.05,31.3,63.0,mai
2023-03-20,matin,337.47,17.01,75.95,3.14,43.0,104.56,6.28,20.0,aucun,0.0,59.14,0.1753,4274.64,105.24,1.22,24.5,53.6,mars
2023-07-24,matin,329.75,17.14,70.57,4.3,41.56,104.98,6.43,31.0,aucun,0.0,58.94,0.1788,4565.73,156.88,0.91,31.7,68.3,juillet
2023-12-09,apres-midi,186.22,15.71,75.42,4.18,23.16,104.66,6.55,25.0,aucun,0.0,27.82,0.1494,2080.81,57.76,1.88,20.4,41.4,decembre
2023-06-12,apres-midi,344.42,17.82,72.23,3.84,38.86,102.23,6.36,31.0,panne electrique,13.0,64.26,0.1866,3972.56,175.58,1.26,24.2,45.5,juin
2023-03-14,matin,304.83,15.0,76.39,3.97,38.04,102.78,6.57,30.0,panne equipement,62.0,35.96,0.118,4032.88,130.83,1.4,19.2,44.5,mars
2023-09-30,apres-midi,347.46,16.21,74.45,4.63,42.39,102.75,6.49,33.0,aucun,0.0,55.23,0.159,4595.84,119.05,2.1,24.1,43.1,septembre
2023-03-24,matin,328.87,16.64,73.0,2.47,41.39,102.15,6.61,31.0,maintenance,95.0,44.77,0.1361,4039.79,113.94,2.04,23.9,58.5,mars
2023-05-14,apres-midi,267.62,16.6,74.22,4.15,37.11,104.95,6.43,25.0,retard matiere premiere,100.0,35.38,0.1322,3457.21,110.01,2.2,26.9,61.3,mai
2023-12-06,apres-midi,348.41,16.98,75.16,4.74,41.26,103.58,6.25,25.0,aucun,0.0,60.43,0.1735,4333.21,156.63,2.38,29.4,40.3,decembre
2023-07-21,apres-midi,316.98,16.2,73.6,2.11,38.87,103.89,6.71,30.0,aucun,0.0,50.03,0.1611,3927.43,130.92,1.88,26.7,51.6,juillet
2023-10-17,apres-midi,383.07,17.33,74.25,4.64,48.0,102.56,6.73,24.0,aucun,0.0,69.26,0.1808,3708.4350000000004,125.45,1.42,21.5,71.5,octobre
2023-06-23,apres-midi,410.59,18.52,74.18,4.12,50.05,104.47,6.72,25.0,aucun,0.0,83.9,0.2043,5267.51,190.04,0.68,29.5,60.2,juin
2023-11-29,apres-midi,384.77,19.0,70.46,4.83,52.28,103.68,6.72,33.0,aucun,0.0,82.53,0.2145,3891.32,220.62,2.26,26.3,45.4,novembre
2023-04-24,matin,386.28,17.07,75.1,4.25,46.23,104.97,6.61,20.0,panne equipement,55.0,60.07,0.1555,4492.83,228.28,1.26,25.7,64.0,avril
2023-02-25,matin,277.77,15.07,72.28,2.92,34.69,103.49,6.56,27.0,panne electrique,111.0,29.63,0.1067,3214.2,157.75,1.05,27.1,47.3,fevrier
2023-06-04,matin,305.57,16.96,75.69,2.85,37.35,103.28,6.77,21.0,aucun,0.0,53.39,0.1747,4506.02,168.03,2.35,31.4,61.6,juin
2023-06-19,apres-midi,274.44,18.5,73.8,4.38,35.35,102.51,6.71,33.0,aucun,0.0,55.96,0.2039,3082.15,126.86,1.48,28.8,54.0,juin
2023-05-10,matin,261.05,16.65,76.71,2.91,31.34,103.22,6.79,29.0,aucun,0.0,43.91,0.1682,3242.51,93.54,1.43,18.5,53.7,mai
2023-07-10,matin,268.12,16.41,70.69,4.98,30.84,104.82,6.3,25.0,panne equipement,12.0,42.83,0.1598,2901.18,117.99,2.42,20.5,53.7,juillet
2023-05-15,apres-midi,224.96,17.05,75.17,4.38,28.17,102.08,6.22,28.0,aucun,0.0,39.43,0.1753,2468.1,82.68,0.99,25.2,58.5,mai
2023-09-20,apres-midi,251.63,17.3,75.6,4.41,29.49,103.33,6.8,28.0,aucun,0.0,45.25,0.1798,3771.58,81.43,0.74,23.6,44.2,septembre
2023-10-19,apres-midi,295.23,16.97,73.41,3.22,38.2,104.33,6.56,24.0,panne equipement,103.0,40.63,0.1376,3765.25,142.19,2.36,27.7,65.0,octobre
2023-03-31,apres-midi,293.76,16.47,74.96,4.28,34.89,104.09,6.78,33.0,retard matiere premiere,100.0,38.18,0.13,4232.73,140.42,0.79,21.5,74.5,mars
2023-05-31,inconnu,394.73,16.09,77.37,3.16,47.92,102.06,6.36,27.0,aucun,0.0,61.96,0.157,4715.71,153.56,2.44,27.4,60.0,mai
2023-04-27,apres-midi,312.19,16.77,72.51,2.14,40.0,102.99,6.48,23.0,aucun,0.0,53.91,0.1727,4627.9,154.7,1.58,18.1,55.4,avril
2023-02-10,matin,263.84,16.91,74.71,3.95,32.78,105.0,6.49,22.0,aucun,0.0,45.67,0.1731,3376.56,137.27,1.67,23.0,74.2,fevrier
2023-07-15,matin,235.06,19.0,71.69,2.45,30.49,103.54,6.68,32.0,panne equipement,52.0,45.39,0.1931,3172.11,87.17,1.39,18.5,57.7,juillet
2023-01-14,apres-midi,228.94,17.7,72.46,4.78,30.39,102.42,6.36,22.0,aucun,0.0,43.12,0.1883,3067.63,90.23,1.95,30.8,43.3,janvier
2023-11-30,matin,375.3,17.18,72.32,3.68,46.9,102.76,6.25,23.0,aucun,0.0,67.32,0.1794,5433.27,155.47,1.47,21.5,69.3,novembre
2023-10-18,apres-midi,285.23,15.86,74.0,3.44,35.57,103.68,6.59,22.0,aucun,0.0,43.71,0.1532,2875.44,107.05,1.87,22.0,59.2,octobre
2023-09-17,matin,297.46,17.17,75.14,4.1,35.98,102.3,6.36,24.0,aucun,0.0,52.89,0.1778,4443.48,156.51,0.62,27.6,47.1,septembre
2023-09-05,matin,298.375,17.67,76.06,2.61,37.74,102.71,6.69,28.0,aucun,0.0,57.91,0.1886,3862.1,158.46,2.3,20.7,40.1,septembre
2023-01-18,apres-midi,240.46,15.99,77.96,3.06,31.94,102.27,6.79,34.0,panne equipement,67.0,32.03,0.1332,2921.82,106.87,0.7,22.4,40.9,janvier
2023-10-02,apres-midi,367.82,18.39,70.71,2.8,42.11,104.79,6.76,32.0,aucun,0.0,75.26,0.2046,5369.57,149.33,2.17,18.9,45.1,octobre
2023-09-10,apres-midi,344.6,18.77,74.1,2.68,48.44,104.82,6.33,31.0,aucun,0.0,72.65,0.2108,4974.16,164.03,1.13,29.6,43.0,septembre
2023-03-07,matin,250.02,18.21,77.45,4.75,33.53,104.68,6.66,23.0,aucun,0.0,49.09,0.1964,2598.86,93.47,2.13,29.6,53.0,mars
2023-10-07,matin,383.81,17.85,72.97,2.41,49.85,102.01,6.5,26.0,retard matiere premiere,93.0,59.85,0.1559,4758.1,213.58,2.23,18.2,73.3,octobre
2023-10-28,matin,404.9,17.27,76.46,2.01,49.87,102.83,6.33,32.0,aucun,0.0,73.39,0.1813,5034.1,142.8,0.74,20.3,71.1,octobre
2023-11-14,apres-midi,289.42,18.86,73.24,4.25,35.15,104.68,6.43,20.0,aucun,0.0,61.13,0.2112,2977.83,97.27,1.92,20.1,44.8,novembre
2023-10-10,matin,360.54,16.24,77.25,3.67,46.55,103.59,6.56,29.0,aucun,0.0,57.45,0.1593,5302.39,210.4,1.4,21.1,52.3,octobre
2023-12-15,apres-midi,262.43,16.29,74.88,2.62,33.88,102.74,6.42,23.0,maintenance,31.0,39.79,0.1516,3148.1,86.37,0.84,22.2,57.5,decembre
2023-07-06,apres-midi,333.68,16.86,73.09,3.87,40.27,103.67,6.34,25.0,aucun,0.0,57.61,0.1726,4840.63,170.11,1.39,27.5,64.2,juillet
2023-01-11,apres-midi,235.33,17.29,75.0,4.01,27.9,104.7,6.36,24.0,aucun,0.0,42.41,0.1802,3304.84,111.27,0.8,22.6,73.3,janvier
2023-01-09,apres-midi,297.79,16.96,73.68,3.8,38.89,103.8,6.5,33.0,panne equipement,24.0,49.38,0.1658,4332.04,139.1,1.09,28.3,49.5,janvier
2023-02-27,apres-midi,225.73,17.47,75.94,4.61,28.86,104.56,6.34,26.0,aucun,0.0,41.27,0.1828,2276.42,69.12,2.32,29.1,63.0,fevrier
2023-01-29,apres-midi,299.49,17.47,76.39,4.28,36.49,104.54,6.22,33.0,maintenance,19.0,52.62,0.1757,4016.1,133.25,0.51,30.0,48.2,janvier
2023-01-29,matin,450.0,16.41,76.5,4.56,57.41,102.48,6.22,24.0,aucun,0.0,73.02,0.1623,6546.71,238.63,2.39,22.4,49.3,janvier
2023-09-02,matin,247.22,17.08,76.02,3.62,27.53,103.51,6.23,24.0,aucun,0.0,43.54,0.1761,3561.41,98.19,1.21,31.3,74.7,septembre
2023-02-16,apres-midi,346.89,17.68,71.1,2.48,44.07,104.24,6.47,20.0,aucun,0.0,66.2,0.1908,4228.97,122.49,2.12,21.1,72.0,fevrier
2023-08-05,matin,328.66,16.54,70.13,3.57,42.21,103.51,6.55,26.0,aucun,0.0,55.15,0.1678,4708.85,162.47,2.29,20.8,68.0,aout
2023-01-20,apres-midi,221.27,17.88,76.2,3.02,27.44,104.11,6.34,33.0,aucun,0.0,42.51,0.1921,2907.33,129.67,2.42,28.7,40.4,janvier
2023-12-24,matin,150.0,17.05,73.99,2.42,16.98,102.46,6.47,30.0,aucun,0.0,26.6,0.1773,1509.64,49.6,1.12,29.2,69.6,decembre
2023-05-13,matin,256.28,17.63,74.94,3.23,32.22,102.7,6.57,30.0,aucun,0.0,48.11,0.1877,3487.68,143.05,0.86,21.5,50.8,mai
2023-06-02,apres-midi,279.69,17.87,75.16,3.28,34.3,102.97,6.69,26.0,retard matiere premiere,79.0,44.9,0.1605,4172.24,118.41,2.1,25.7,68.2,juin
2023-10-07,apres-midi,193.33,15.92,74.57,3.26,24.83,103.56,6.2,24.0,aucun,0.0,29.87,0.1545,2764.34,80.8,1.92,31.2,47.5,octobre
2023-02-06,apres-midi,331.41,16.09,73.44,3.37,41.86,103.75,6.62,28.0,aucun,0.0,52.38,0.1581,4692.44,180.63,1.93,27.0,46.6,fevrier
2023-04-01,apres-midi,368.06,18.22,75.33,2.83,42.87,103.98,6.62,23.0,maintenance,20.0,70.35,0.1911,4333.02,207.11,2.03,26.2,64.8,avril
2023-08-04,matin,159.12,17.68,74.7,3.52,19.3,102.05,6.66,30.0,aucun,0.0,29.99,0.1885,2343.43,86.71,2.46,19.3,51.1,aout
2023-05-30,matin,378.91,16.8,72.71,3.91,47.81,103.86,6.71,34.0,aucun,0.0,65.01,0.1716,4429.81,165.46,1.54,31.5,74.6,mai
2023-07-09,apres-midi,362.49,16.39,72.34,4.78,44.33,103.19,6.72,29.0,aucun,0.0,59.12,0.1631,4085.46,172.6,0.51,28.2,46.3,juillet
2023-03-14,apres-midi,291.78,16.82,70.09,2.72,36.33,104.57,6.53,21.0,aucun,0.0,50.78,0.174,3939.15,124.9,0.68,22.0,72.1,mars
2023-04-14,apres-midi,338.82,17.01,77.86,4.13,42.35,102.7,6.56,22.0,panne electrique,47.0,53.1,0.1567,3771.09,181.63,2.49,22.6,45.4,avril
2023-09-08,apres-midi,260.12,17.56,72.6,3.92,35.36,103.09,6.76,29.0,aucun,0.0,48.53,0.1866,3451.61,99.31,1.25,18.7,40.5,septembre
2023-08-21,apres-midi,282.84,15.0,76.13,3.67,33.53,103.83,6.79,30.0,aucun,0.0,38.39,0.1357,3808.57,157.46,1.3,23.0,55.0,aout
2023-12-03,apres-midi,280.19,18.68,76.75,3.59,36.76,103.06,6.36,33.0,panne equipement,82.0,48.08,0.1716,4062.09,124.2,1.1,22.8,58.8,decembre
2023-07-28,matin,220.1,15.83,73.79,2.66,28.11,103.6,6.48,23.0,aucun,0.0,33.77,0.1534,3147.88,87.53,0.68,28.0,63.2,juillet
2023-11-11,matin,290.62,15.0,75.01,3.03,35.8,102.02,6.37,32.0,aucun,0.0,39.67,0.1365,4222.18,118.29,2.34,26.2,67.1,novembre
2023-06-11,apres-midi,249.05,19.0,75.67,3.33,32.25,102.1,6.51,25.0,maintenance,78.0,44.61,0.1791,3444.2,123.16,1.07,26.8,40.7,juin
2023-09-29,matin,263.99,15.92,77.69,2.87,29.1,104.26,6.35,23.0,aucun,0.0,40.6,0.1538,3751.23,112.6,1.78,27.2,43.3,septembre
2023-05-24,apres-midi,192.16,19.0,75.46,2.76,25.33,103.68,6.5,32.0,aucun,0.0,41.24,0.2146,1958.02,97.34,1.22,22.4,55.6,mai
2023-12-25,apres-midi,415.59,16.81,70.41,3.54,50.6,104.66,6.57,25.0,aucun,0.0,71.83,0.1728,4814.14,144.23,1.63,29.4,41.9,decembre
2023-07-28,apres-midi,285.15,16.73,70.28,4.86,33.92,103.21,6.79,23.0,panne electrique,68.0,41.69,0.1462,3039.09,126.5,2.22,21.1,64.7,juillet
2023-01-15,apres-midi,303.27,17.88,71.05,4.6,36.86,102.28,6.27,24.0,panne electrique,40.0,53.58,0.1767,4319.14,129.73,2.26,23.6,71.0,janvier
2023-02-21,matin,254.36,17.59,77.95,4.86,33.43,104.14,6.67,22.0,aucun,0.0,46.86,0.1842,3219.27,148.39,1.44,29.9,58.8,fevrier
2023-10-24,apres-midi,368.19,17.0,77.23,3.67,49.41,102.98,6.73,34.0,maintenance,11.0,62.64,0.1701,5380.86,144.84,1.58,21.0,50.8,octobre
2023-04-21,apres-midi,254.59,17.49,74.01,4.59,32.78,102.07,6.77,22.0,aucun,0.0,46.83,0.184,3325.62,117.29,1.53,31.2,57.4,avril
2023-04-09,matin,254.1,17.39,77.6,3.9,31.66,104.02,6.61,33.0,panne electrique,65.0,39.86,0.1569,2863.64,119.14,0.64,31.9,66.2,avril
2023-01-13,matin,286.62,17.39,72.17,2.07,36.49,103.13,6.45,34.0,retard matiere premiere,28.0,49.94,0.1742,3446.43,95.47,0.7,24.2,62.2,janvier
2023-12-10,apres-midi,399.06,16.79,74.93,2.94,50.74,104.6,6.34,32.0,aucun,0.0,68.44,0.1715,5902.15,191.32,0.87,21.5,48.7,decembre
2023-05-03,matin,267.24,16.66,76.07,2.09,36.65,103.29,6.23,32.0,aucun,0.0,45.24,0.1693,2909.14,119.71,1.92,25.4,42.0,mai
2023-12-29,apres-midi,381.25,16.84,70.19,4.75,45.95,103.9,6.73,25.0,panne electrique,86.0,53.99,0.1416,5699.18,198.56,2.37,23.6,45.0,decembre
2023-01-12,apres-midi,419.96,16.71,74.02,3.43,51.06,102.76,6.21,25.0,aucun,0.0,71.31,0.1698,5639.78,177.73,2.27,28.3,54.6,janvier
2023-03-18,apres-midi,242.1,17.92,77.62,3.44,31.53,104.73,6.38,23.0,retard matiere premiere,80.0,38.75,0.1601,2813.78,139.75,0.95,30.9,43.9,mars
2023-02-27,matin,288.76,17.42,77.67,4.86,35.73,104.55,6.59,27.0,aucun,0.0,52.24,0.1809,3711.94,106.31,2.39,28.6,68.6,fevrier
2023-02-26,matin,273.17,16.01,71.83,2.65,29.92,102.24,6.69,21.0,aucun,0.0,43.04,0.1575,3036.29,129.64,2.19,24.0,40.8,fevrier
2023-04-06,matin,317.58,16.95,72.31,3.03,40.28,102.84,6.65,25.0,aucun,0.0,55.71,0.1754,4703.46,121.39,1.57,26.5,63.9,avril
2023-03-08,matin,188.57,17.17,70.42,3.83,22.42,103.41,6.61,29.0,aucun,0.0,33.88,0.1797,1980.45,71.65,2.02,19.2,56.3,mars
2023-02-23,apres-midi,328.0,17.51,75.9,2.8,39.64,104.31,6.75,25.0,aucun,0.0,60.79,0.1853,4506.92,118.72,0.96,21.1,45.8,fevrier
2023-02-03,matin,280.97,17.63,76.09,3.76,33.85,103.55,6.33,25.0,aucun,0.0,52.45,0.1867,3223.24,112.71,1.96,23.1,49.8,fevrier
2023-07-24,apres-midi,396.64,15.77,71.16,3.26,46.31,104.03,6.35,30.0,aucun,0.0,60.53,0.1526,5006.14,198.94,1.64,30.7,59.2,juillet
2023-03-09,matin,272.73,16.94,77.97,3.21,32.7,103.36,6.74,34.0,aucun,0.0,47.2,0.1731,3304.19,108.17,2.06,18.3,41.7,mars
2023-06-18,matin,389.21,16.06,74.19,2.93,48.64,102.96,6.61,27.0,aucun,0.0,61.34,0.1576,5591.86,156.08,2.44,24.4,69.2,juin
2023-02-10,apres-midi,374.26,16.94,73.04,4.66,44.6,102.18,6.42,33.0,aucun,0.0,64.94,0.1735,4091.46,152.78,1.7,20.2,41.0,fevrier
2023-09-19,matin,333.45,16.07,76.3,3.36,42.33,102.47,6.53,34.0,aucun,0.0,52.28,0.1568,3900.52,174.61,1.3,19.2,55.4,septembre
2023-03-02,apres-midi,298.73,17.69,74.77,4.37,36.69,103.84,6.78,28.0,panne electrique,120.0,42.05,0.1408,3970.78,96.39,1.04,19.8,65.5,mars
2023-03-29,apres-midi,338.52,16.64,71.34,3.09,40.11,103.41,6.38,28.0,aucun,0.0,57.42,0.1696,4044.4,157.52,0.63,26.7,74.8,mars
2023-05-22,apres-midi,307.29,16.42,71.4,2.12,38.97,104.04,6.28,27.0,maintenance,115.0,38.8,0.1263,3537.41,94.72,1.61,31.6,60.0,mai
2023-10-27,matin,315.16,16.77,75.6,4.97,39.37,104.89,6.54,30.0,aucun,0.0,53.29,0.1691,4388.25,109.34,0.9,31.9,51.1,octobre
2023-01-17,apres-midi,305.36,18.29,73.21,3.86,37.88,103.5,6.5,28.0,panne electrique,53.0,54.47,0.1784,3248.9,93.27,1.78,18.2,72.3,janvier
2023-04-03,matin,296.72,15.63,71.87,3.0,37.91,102.47,6.37,34.0,aucun,0.0,44.44,0.1498,3143.18,115.26,1.83,20.6,58.1,avril
2023-11-16,apres-midi,363.34,18.11,71.65,2.12,46.76,103.05,6.72,32.0,aucun,0.0,72.45,0.1994,4769.66,171.0,2.21,22.1,46.6,novembre
2023-06-11,matin,150.0,17.38,71.88,4.6,16.32,102.35,6.53,22.0,aucun,0.0,27.39,0.1826,2177.21,84.12,2.14,28.7,58.9,juin
2023-11-09,matin,195.0,18.21,74.68,4.87,27.28,103.88,6.57,29.0,aucun,0.0,38.47,0.1973,2641.48,93.11,2.36,19.5,44.5,novembre
2023-07-27,matin,400.26,16.55,77.88,4.14,50.2,104.66,6.65,21.0,aucun,0.0,65.95,0.1648,5913.54,228.49,2.36,20.7,40.9,juillet
2023-09-13,apres-midi,206.77,15.82,74.18,2.28,27.92,103.96,6.77,22.0,aucun,0.0,31.68,0.1532,2096.81,76.7,1.83,18.6,68.4,septembre
2023-12-07,matin,274.25,17.19,73.24,2.58,35.42,104.62,6.33,26.0,aucun,0.0,49.46,0.1803,3743.89,86.42,0.65,31.6,59.6,decembre
2023-03-24,apres-midi,301.0,15.64,76.43,3.44,37.66,103.49,6.57,21.0,aucun,0.0,44.59,0.1481,4201.77,149.48,1.71,31.0,67.4,mars
2023-04-19,apres-midi,329.02,16.9,71.78,3.23,45.88,104.21,6.38,30.0,aucun,0.0,57.44,0.1746,4345.78,133.78,2.28,20.5,67.6,avril
2023-12-14,apres-midi,319.68,15.65,75.52,4.73,41.32,104.49,6.39,30.0,panne equipement,20.0,45.26,0.1416,4419.86,166.75,1.45,30.6,63.5,decembre
2023-11-04,matin,268.78,15.79,73.53,2.54,39.74,102.53,6.52,24.0,aucun,0.0,41.05,0.1527,3081.7,83.93,2.07,23.2,70.3,novembre
2023-01-01,apres-midi,330.85,17.66,72.39,3.71,41.8,102.54,6.52,29.0,aucun,0.0,62.42,0.1887,3333.77,158.69,1.71,19.5,53.4,janvier
2023-09-29,apres-midi,357.29,16.8,75.26,2.51,43.12,104.72,6.69,27.0,aucun,0.0,61.41,0.1719,5172.91,206.84,1.06,26.4,65.0,septembre
2023-05-27,apres-midi,263.23,15.57,77.34,2.9,33.16,103.47,6.56,34.0,aucun,0.0,38.72,0.1471,3220.16,113.95,1.74,20.1,65.6,mai
2023-11-07,matin,218.38,16.75,73.5,4.11,27.36,103.42,6.43,22.0,aucun,0.0,37.15,0.1701,3212.61,122.96,1.06,23.3,45.5,novembre
2023-09-14,matin,319.24,17.66,77.81,4.93,39.28,103.64,6.67,22.0,aucun,0.0,59.19,0.1854,3293.2,137.78,1.16,21.2,51.0,septembre
2023-05-17,apres-midi,305.2,16.77,71.97,2.69,39.85,103.07,6.74,29.0,aucun,0.0,52.59,0.1723,4014.69,161.79,1.47,30.1,62.4,mai
2023-08-06,apres-midi,269.94,17.48,77.97,3.3,31.1,102.9,6.4,33.0,aucun,0.0,49.52,0.1834,3919.13,117.49,1.0,21.3,59.2,aout
2023-10-06,matin,257.47,18.72,76.93,4.73,34.72,104.6,6.61,20.0,aucun,0.0,53.13,0.2064,2930.14,93.68,1.98,29.5,74.8,octobre
2023-09-23,apres-midi,337.85,17.08,71.23,3.71,41.21,102.82,6.39,20.0,aucun,0.0,60.09,0.1779,4609.67,161.23,1.69,27.2,63.3,septembre
2023-11-17,apres-midi,343.04,16.78,73.71,3.5,42.36,102.32,6.39,28.0,aucun,0.0,58.88,0.1716,3892.62,108.51,1.2,29.0,45.1,novembre
2023-03-26,apres-midi,217.24,16.9,74.59,3.93,31.16,104.8,6.23,28.0,aucun,0.0,37.55,0.1728,2618.61,128.45,1.54,18.2,61.7,mars
2023-01-04,matin,150.0,16.79,72.83,3.5,17.02,102.82,6.77,29.0,aucun,0.0,25.77,0.1718,1684.91,80.4,1.38,27.8,68.7,janvier
2023-05-20,apres-midi,323.32,18.26,71.93,3.45,44.34,102.93,6.37,29.0,panne equipement,110.0,50.09,0.1549,3469.03,108.04,0.9,26.7,52.2,mai
2023-09-27,apres-midi,271.5,17.78,73.58,2.82,33.34,102.21,6.46,34.0,aucun,0.0,51.99,0.1915,3294.21,140.68,1.58,25.1,42.3,septembre
2023-07-31,apres-midi,288.8,17.63,74.11,2.18,37.16,104.02,6.72,30.0,aucun,0.0,54.56,0.1889,4168.31,106.41,1.07,31.4,56.3,juillet
2023-04-18,matin,300.91,16.65,73.87,2.94,39.08,104.77,6.43,27.0,maintenance,107.0,39.55,0.1314,3428.74,169.37,2.01,18.3,60.0,avril
2023-05-21,matin,238.99,17.23,76.18,3.72,27.77,103.83,6.33,23.0,panne equipement,17.0,41.24,0.1726,3016.72,107.85,0.59,19.2,60.6,mai
2023-12-22,apres-midi,348.74,16.82,72.26,4.45,44.02,102.84,6.23,21.0,aucun,0.0,59.89,0.1717,3592.71,112.45,0.66,31.0,73.5,decembre
2023-09-26,matin,387.93,17.07,76.18,2.12,49.63,104.37,6.49,34.0,aucun,0.0,68.77,0.1773,5521.69,122.06,1.2,29.6,46.1,septembre
2023-11-03,matin,264.06,16.02,74.43,2.39,30.3,102.08,6.3,31.0,aucun,0.0,41.46,0.157,3537.69,83.16,1.64,23.0,61.0,novembre
2023-09-20,matin,448.24,17.95,77.21,4.93,56.02,102.52,6.79,31.0,aucun,0.0,85.74,0.1913,4489.97,143.64,1.59,29.1,59.3,septembre
2023-08-15,matin,297.72,15.0,71.76,2.1,36.19,102.61,6.79,26.0,aucun,0.0,41.1,0.138,3677.32,104.02,1.49,24.1,47.3,aout
2023-01-04,apres-midi,293.05,15.85,74.4,4.97,38.08,102.16,6.57,20.0,aucun,0.0,44.44,0.1517,3801.84,150.91,1.47,22.3,60.2,janvier
2023-03-16,matin,399.57,18.92,75.08,3.21,54.07,104.49,6.79,27.0,aucun,0.0,84.97,0.2127,5606.55,132.65,1.95,25.0,73.7,mars
2023-03-30,apres-midi,271.9,16.74,77.2,4.77,34.27,103.1,6.79,29.0,maintenance,27.0,43.14,0.1587,3250.96,116.46,1.55,27.1,49.1,mars
2023-05-25,matin,173.94,18.33,72.17,2.24,20.09,104.32,6.35,34.0,aucun,0.0,35.36,0.2033,2274.67,62.67,1.46,19.2,70.3,mai
2023-05-09,matin,363.43,15.34,71.21,3.81,49.27,103.49,6.69,20.0,panne electrique,42.0,47.66,0.1312,5015.79,110.4,1.04,28.9,45.6,mai
2023-06-25,apres-midi,284.14,16.05,70.86,3.09,39.06,104.11,6.45,20.0,aucun,0.0,44.98,0.1583,3495.86,164.26,1.59,27.6,42.8,juin
2023-09-16,matin,298.47,16.52,77.75,2.16,38.26,103.99,6.58,33.0,aucun,0.0,49.53,0.1659,3790.29,95.88,1.23,21.3,53.9,septembre
2023-03-01,matin,229.68,16.93,70.91,3.81,27.79,102.42,6.76,22.0,aucun,0.0,40.15,0.1748,3261.76,99.51,0.77,30.0,55.4,mars
2023-07-25,matin,294.62,16.05,77.32,2.99,38.57,103.07,6.58,29.0,aucun,0.0,46.06,0.1563,2997.82,151.16,0.77,27.6,42.4,juillet
2023-06-30,apres-midi,363.18,15.57,77.26,3.28,46.27,103.62,6.39,29.0,aucun,0.0,53.28,0.1467,4756.16,137.73,1.29,19.9,48.6,juin
2023-12-08,apres-midi,310.38,17.07,71.27,4.57,38.91,104.66,6.55,33.0,aucun,0.0,54.85,0.1767,3144.81,155.46,2.11,21.3,54.2,decembre
2023-07-04,matin,220.03,16.27,70.41,4.04,28.21,104.8,6.68,33.0,aucun,0.0,35.65,0.162,3199.42,131.54,2.02,27.4,49.5,juillet
2023-08-26,matin,306.43,15.0,70.27,2.3,37.41,104.72,6.4,23.0,aucun,0.0,42.38,0.1383,3735.67,179.67,1.7,25.5,69.6,aout
2023-01-20,matin,268.03,17.17,70.38,3.54,31.5,103.95,6.77,25.0,panne equipement,28.0,45.42,0.1694,3209.6,134.43,0.97,29.9,50.2,janvier
2023-03-09,apres-midi,384.92,18.14,75.42,4.38,50.18,102.69,6.64,29.0,aucun,0.0,75.55,0.1963,4859.79,180.44,1.96,21.9,50.2,mars
2023-10-26,matin,276.94,17.9,76.6,4.0,33.16,102.55,6.24,25.0,aucun,0.0,53.04,0.1915,3207.16,85.63,0.95,21.1,61.9,octobre
2023-01-02,matin,394.03,17.5,75.04,3.75,52.33,102.75,6.37,23.0,panne equipement,89.0,59.22,0.1503,5251.83,119.56,0.72,30.6,67.8,janvier
2023-05-07,matin,271.21,15.76,71.59,3.12,33.16,104.36,6.63,20.0,panne electrique,63.0,35.89,0.1323,3011.19,82.79,0.81,31.7,48.3,mai
2023-08-31,apres-midi,255.18,17.62,77.45,4.8,33.31,104.52,6.47,23.0,aucun,0.0,47.21,0.185,3590.41,117.0,1.97,31.0,56.2,aout
2023-04-03,apres-midi,212.9,16.2,70.82,4.29,26.76,104.35,6.36,27.0,aucun,0.0,34.11,0.1602,2988.99,102.92,2.5,29.4,74.5,avril
2023-09-12,matin,357.37,17.48,74.91,3.31,44.59,103.43,6.48,21.0,aucun,0.0,65.96,0.1846,4228.32,192.43,1.37,18.1,47.0,septembre
2023-05-04,matin,329.95,15.0,73.97,3.68,37.31,104.48,6.72,27.0,panne equipement,38.0,41.42,0.1255,3400.77,197.68,2.13,28.0,61.5,mai
2023-07-18,matin,275.64,17.95,71.49,2.84,32.92,104.3,6.59,22.0,aucun,0.0,53.89,0.1955,2882.81,130.54,2.49,18.8,62.4,juillet
2023-05-17,matin,378.39,16.57,70.17,4.63,45.88,102.56,6.76,27.0,aucun,0.0,63.35,0.1674,3880.31,155.04,0.56,28.2,62.6,mai
2023-11-27,apres-midi,347.91,16.55,72.23,3.16,43.94,103.31,6.42,20.0,aucun,0.0,58.28,0.1675,5060.12,146.19,0.59,18.6,47.6,novembre
2023-04-30,apres-midi,230.34,16.45,76.75,2.26,28.65,102.27,6.37,24.0,aucun,0.0,37.99,0.1649,2986.66,69.73,1.26,25.6,69.7,avril
2023-09-03,apres-midi,243.16,19.0,71.0,3.55,29.98,103.19,6.28,23.0,maintenance,28.0,49.38,0.2031,3462.36,101.1,2.04,24.8,68.8,septembre
2023-04-15,apres-midi,214.92,18.32,74.48,2.86,25.74,104.64,6.43,32.0,retard matiere premiere,22.0,41.37,0.1925,2462.18,114.01,1.79,30.7,52.1,avril
2023-08-30,matin,234.08,17.39,77.91,3.59,28.83,102.08,6.39,22.0,panne electrique,56.0,37.55,0.1604,3072.91,103.99,0.74,18.0,41.2,aout
2023-04-16,matin,239.2,17.67,75.43,3.53,26.57,104.27,6.23,32.0,aucun,0.0,50.03,0.1879,2613.37,131.59,2.14,20.8,70.4,avril
2023-01-07,matin,269.13,16.78,70.49,2.33,34.49,103.32,6.7,23.0,aucun,0.0,46.68,0.1735,3575.76,140.41,2.16,29.1,66.5,janvier
2023-10-06,apres-midi,286.1,18.1,70.02,4.43,33.79,103.31,6.32,33.0,panne electrique,62.0,49.21,0.172,3001.1,90.48,0.98,27.1,44.5,octobre
2023-07-05,apres-midi,308.56,16.2,71.78,4.86,39.43,103.18,6.31,33.0,aucun,0.0,49.21,0.1595,3635.8,169.59,1.55,29.4,72.0,juillet
2023-11-29,matin,330.7,17.11,77.2,2.18,40.46,104.1,6.77,22.0,panne equipement,89.0,47.82,0.1446,3445.7,179.12,1.59,29.5,54.3,novembre
2023-05-14,matin,241.47,16.87,75.79,2.02,27.9,104.6,6.34,21.0,aucun,0.0,41.93,0.1737,3057.27,88.95,1.23,29.0,72.6,mai
2023-08-20,apres-midi,338.27,15.99,70.11,4.88,43.75,102.64,6.65,20.0,aucun,0.0,52.75,0.1559,4027.01,149.6,1.63,19.5,71.4,aout
2023-05-25,apres-midi,229.79,17.66,75.07,4.66,30.91,103.01,6.42,22.0,aucun,0.0,42.91,0.1867,2880.03,119.85,0.85,31.2,61.1,mai
2023-08-03,matin,266.23,17.26,72.37,2.49,30.99,104.22,6.32,20.0,retard matiere premiere,45.0,43.92,0.165,3871.38,156.52,1.04,29.6,67.7,aout
2023-04-30,matin,217.36,18.07,72.05,4.8,26.64,104.03,6.77,29.0,aucun,0.0,42.57,0.1958,2974.43,104.75,2.4,27.8,43.8,avril
2023-04-22,matin,379.75,16.02,74.51,2.96,49.41,103.67,6.6,33.0,aucun,0.0,59.48,0.1566,5057.95,221.69,1.46,18.4,53.4,avril
2023-10-21,apres-midi,338.65,17.5,76.74,4.41,45.2,104.77,6.29,34.0,aucun,0.0,62.05,0.1832,4242.6,151.63,1.52,22.9,67.9,octobre
2023-04-10,matin,245.29,17.42,77.9,2.27,31.47,104.99,6.72,26.0,aucun,0.0,44.97,0.1833,3380.8,105.65,1.21,30.1,74.9,avril
2023-12-09,matin,255.64,19.0,76.94,2.22,34.5,103.17,6.43,22.0,panne electrique,25.0,51.99,0.2034,2781.94,84.27,1.32,22.9,48.2,decembre
2023-02-05,apres-midi,300.41,17.59,71.38,2.89,37.3,102.23,6.58,22.0,maintenance,73.0,48.03,0.1599,3938.29,117.16,0.56,20.6,55.1,fevrier
2023-06-22,apres-midi,237.36,15.97,77.19,2.18,32.48,104.87,6.76,20.0,maintenance,19.0,35.41,0.1492,3168.14,99.81,1.21,19.9,59.6,juin
2023-11-10,matin,344.97,16.6,76.47,4.89,44.79,104.86,6.31,24.0,panne equipement,80.0,47.64,0.1381,4852.76,175.65,2.16,30.0,69.0,novembre
2023-09-28,apres-midi,192.04,16.65,77.27,2.98,22.47,104.39,6.39,21.0,aucun,0.0,32.24,0.1679,2462.06,59.17,0.85,31.1,53.6,septembre
2023-01-11,matin,396.2,18.01,73.7,4.11,50.52,103.7,6.77,30.0,aucun,0.0,77.14,0.1947,4129.59,132.42,1.83,29.6,57.8,janvier
2023-11-08,matin,357.97,16.56,75.75,3.8,42.7,104.64,6.54,34.0,aucun,0.0,59.42,0.166,3956.58,133.17,1.87,25.2,62.9,novembre
2023-01-07,apres-midi,234.36,16.77,73.99,3.31,29.02,102.9,6.49,26.0,retard matiere premiere,13.0,39.02,0.1665,3309.25,107.23,1.27,26.3,44.8,janvier
2023-02-05,matin,275.87,16.26,76.54,3.4,32.59,102.79,6.41,27.0,aucun,0.0,44.22,0.1603,3915.83,152.27,0.71,27.6,43.4,fevrier
2023-11-24,apres-midi,288.56,16.52,73.48,3.37,39.37,104.53,6.55,27.0,panne electrique,25.0,45.52,0.1578,4257.3,123.73,0.89,22.3,68.6,novembre
2023-07-01,apres-midi,329.21,17.17,74.95,4.23,40.04,104.71,6.67,28.0,aucun,0.0,58.54,0.1778,4376.65,175.93,2.19,23.7,60.2,juillet
2023-09-24,apres-midi,259.52,19.0,70.12,4.82,33.47,104.01,6.44,24.0,aucun,0.0,55.71,0.2146,3667.22,102.19,2.13,21.4,70.1,septembre
2023-11-22,apres-midi,238.44,15.65,74.33,4.08,31.27,103.38,6.23,27.0,aucun,0.0,35.42,0.1485,3331.54,100.54,2.33,26.6,58.7,novembre
2023-09-10,matin,235.21,16.56,71.98,2.45,30.12,103.56,6.75,20.0,aucun,0.0,39.64,0.1685,2911.36,108.87,1.13,19.0,70.5,septembre
2023-08-18,matin,317.59,15.88,75.61,4.52,39.7,103.01,6.29,30.0,aucun,0.0,48.36,0.1523,4378.51,159.57,1.58,19.1,69.3,aout
2023-01-14,matin,305.57,17.19,74.43,3.08,37.73,102.84,6.78,32.0,aucun,0.0,54.81,0.1794,3594.39,142.19,2.3,18.7,45.7,janvier
2023-08-16,apres-midi,286.94,16.02,72.64,3.24,35.57,102.65,6.67,22.0,aucun,0.0,45.05,0.157,3566.8,162.01,1.44,18.6,60.9,aout
2023-06-22,matin,314.86,17.64,74.45,3.61,39.0,103.07,6.25,30.0,panne electrique,65.0,51.07,0.1622,3175.58,156.15,0.57,23.4,44.9,juin
2023-12-01,matin,352.72,16.8,73.86,3.18,43.63,103.44,6.23,29.0,panne electrique,90.0,49.24,0.1396,4534.87,106.71,1.96,25.8,57.2,decembre
2023-04-10,apres-midi,288.52,15.6,74.13,4.83,35.99,103.46,6.77,27.0,aucun,0.0,42.45,0.1471,2915.06,151.33,1.19,24.0,65.3,avril
2023-10-29,matin,352.99,18.93,72.88,2.68,44.04,102.24,6.75,22.0,panne equipement,20.0,72.56,0.2056,5150.74,171.81,1.95,27.3,40.2,octobre
2023-10-21,matin,317.71,18.35,75.47,4.52,39.95,103.64,6.4,32.0,aucun,0.0,63.58,0.2001,4105.0,148.56,1.11,26.9,52.1,octobre
2023-09-12,apres-midi,334.07,16.47,72.01,3.8,41.35,103.9,6.57,32.0,aucun,0.0,55.32,0.1656,3920.88,159.74,1.43,23.5,49.4,septembre
2023-01-03,matin,344.77,15.0,70.71,3.58,45.23,104.26,6.39,33.0,panne equipement,105.0,36.98,0.1073,5046.89,143.42,1.42,26.1,44.0,janvier
2023-12-19,matin,410.5,15.02,71.91,3.87,54.98,104.76,6.49,34.0,aucun,0.0,56.3,0.1372,4499.69,199.33,0.88,20.3,68.3,decembre
2023-02-17,apres-midi,341.26,17.32,74.45,3.03,43.45,103.26,6.72,23.0,panne electrique,24.0,58.99,0.1729,4290.64,174.4,2.0,27.4,50.9,fevrier
2023-05-21,apres-midi,240.85,17.08,71.63,3.52,31.86,104.68,6.4,21.0,aucun,0.0,42.84,0.1779,3129.08,74.36,0.84,20.1,64.4,mai
2023-11-06,apres-midi,264.23,16.51,71.88,2.61,34.54,102.75,6.57,27.0,panne equipement,103.0,34.73,0.1314,3138.74,80.0,0.61,30.6,42.3,novembre
2023-07-14,apres-midi,267.21,15.68,77.32,4.55,34.91,104.95,6.27,21.0,aucun,0.0,39.51,0.1479,3002.8,156.48,2.39,30.5,74.9,juillet
2023-09-07,matin,311.35,17.65,74.62,3.23,44.19,102.75,6.63,29.0,retard matiere premiere,42.0,53.47,0.1717,3412.61,139.21,2.01,31.8,55.2,septembre
2023-08-22,matin,185.73,17.53,74.2,2.14,24.08,102.63,6.26,31.0,aucun,0.0,34.71,0.1869,2348.04,73.91,1.88,30.5,41.2,aout
2023-10-27,apres-midi,430.95,17.63,77.58,4.86,53.13,102.02,6.71,25.0,aucun,0.0,79.76,0.1851,4558.82,195.72,1.36,21.8,43.7,octobre
2023-04-13,matin,328.7,16.9,72.47,3.53,45.83,102.2,6.52,27.0,aucun,0.0,57.19,0.174,4673.15,121.02,1.2,29.2,40.3,avril
2023-10-14,apres-midi,416.81,18.2,75.06,2.88,54.75,104.88,6.69,21.0,aucun,0.0,82.98,0.1991,4175.63,138.07,1.79,18.9,59.1,octobre
2023-05-22,matin,296.2,17.98,75.47,3.29,39.61,103.68,6.51,30.0,aucun,0.0,57.49,0.1941,2989.0,143.93,2.32,18.0,60.9,mai
2023-08-28,matin,256.64,17.41,76.18,3.93,31.28,104.44,6.73,32.0,retard matiere premiere,65.0,40.42,0.1575,3441.49,119.82,1.98,18.3,54.3,aout
2023-05-04,apres-midi,286.02,17.54,70.93,3.63,36.44,104.83,6.26,20.0,aucun,0.0,53.49,0.187,4083.59,149.42,2.05,28.1,42.3,mai
2023-03-10,matin,222.8,18.1,72.99,4.8,26.25,102.38,6.28,26.0,aucun,0.0,43.64,0.1959,2818.79,86.63,2.11,30.5,42.3,mars
2023-01-21,matin,205.4,17.53,73.17,2.31,29.67,103.76,6.65,25.0,aucun,0.0,38.47,0.1873,2937.71,123.18,2.3,24.2,66.9,janvier
2023-11-26,apres-midi,274.07,15.13,74.24,3.11,34.98,104.85,6.37,27.0,aucun,0.0,38.13,0.1391,3012.73,91.63,1.34,30.9,60.5,novembre
2023-11-09,apres-midi,350.18,17.88,73.91,2.32,44.69,104.34,6.4,27.0,aucun,0.0,67.89,0.1939,5046.28,144.69,0.81,25.6,44.4,novembre
2023-07-04,apres-midi,395.36,16.09,74.95,3.34,51.29,104.07,6.24,28.0,retard matiere premiere,19.0,59.81,0.1513,5025.56,209.31,2.03,20.8,70.4,juillet
2023-09-01,matin,175.73,15.34,77.79,4.72,21.83,103.95,6.43,21.0,maintenance,79.0,20.72,0.1179,2167.63,93.14,1.21,27.7,42.7,septembre
2023-01-06,matin,206.72,15.24,75.56,3.27,25.99,102.21,6.38,30.0,aucun,0.0,29.1,0.1408,2617.94,84.59,1.32,21.4,43.9,janvier
2023-03-15,apres-midi,314.83,16.81,71.18,4.72,38.46,103.73,6.27,21.0,panne electrique,102.0,42.54,0.1351,4130.17,104.96,1.26,23.5,63.6,mars
2023-11-03,apres-midi,175.4,18.27,73.2,2.66,26.03,104.69,6.73,23.0,aucun,0.0,35.32,0.2014,1883.46,103.58,1.66,27.1,44.0,novembre
2023-02-20,matin,203.28,17.38,70.47,2.53,27.1,103.69,6.8,27.0,aucun,0.0,37.63,0.1851,2525.16,71.97,1.97,22.5,44.3,fevrier
2023-05-13,apres-midi,333.12,16.01,70.07,4.26,39.53,102.93,6.22,28.0,aucun,0.0,52.24,0.1568,3750.44,168.92,2.39,24.7,44.2,mai
2023-09-30,matin,271.93,18.05,71.55,3.97,37.47,102.21,6.72,21.0,retard matiere premiere,50.0,47.85,0.176,2847.59,134.98,0.97,24.7,50.6,septembre
2023-10-11,matin,221.92,17.15,77.99,2.09,27.69,103.87,6.56,31.0,aucun,0.0,39.55,0.1782,3121.92,96.05,1.63,24.6,61.0,octobre
2023-03-02,matin,349.59,16.35,77.76,2.81,43.05,104.44,6.58,34.0,aucun,0.0,56.69,0.1622,4866.07,143.09,1.35,18.2,48.6,mars
2023-05-29,apres-midi,264.06,17.94,76.02,2.55,32.71,104.86,6.62,32.0,panne electrique,90.0,41.59,0.1575,3533.6,102.94,2.33,28.4,59.0,mai
2023-01-27,apres-midi,290.37,16.54,77.9,3.11,35.33,102.01,6.61,32.0,panne electrique,28.0,45.26,0.1559,3405.01,105.01,0.72,27.7,41.2,janvier
2023-05-12,matin,400.7,18.01,77.95,3.66,52.53,103.77,6.79,21.0,maintenance,37.0,71.5,0.1784,4294.62,240.29,0.79,18.2,44.3,mai
2023-06-10,matin,150.0,17.58,73.25,3.9,17.63,102.46,6.42,26.0,aucun,0.0,28.0,0.1867,1942.9,68.06,1.94,20.7,58.4,juin
2023-12-23,apres-midi,298.375,16.75,75.45,3.49,30.55,104.05,6.77,31.0,aucun,0.0,43.16,0.1701,3745.24,146.82,2.32,26.3,59.4,decembre
2023-07-08,apres-midi,339.96,17.39,77.81,2.44,44.33,103.29,6.39,22.0,panne equipement,24.0,58.95,0.1734,4265.81,148.43,0.94,28.1,64.4,juillet
2023-07-30,matin,380.84,18.79,77.95,3.15,48.71,103.1,6.34,31.0,panne equipement,91.0,64.54,0.1695,4862.39,212.3,1.38,29.7,71.0,juillet
2023-03-25,apres-midi,332.79,18.59,77.33,4.17,40.94,103.71,6.29,27.0,aucun,0.0,68.02,0.2044,3708.34,106.49,1.89,30.1,68.4,mars
2023-03-03,matin,321.99,17.39,72.99,2.3,40.31,103.68,6.67,22.0,retard matiere premiere,32.0,55.43,0.1721,3866.28,97.92,1.57,19.9,57.8,mars
2023-06-25,matin,345.33,16.51,76.28,2.18,41.08,102.88,6.44,31.0,aucun,0.0,57.41,0.1662,4713.41,128.53,1.06,28.0,65.9,juin
2023-03-01,apres-midi,269.69,17.28,71.35,3.45,34.89,104.69,6.43,31.0,panne electrique,79.0,41.0,0.152,2965.57,108.07,1.34,23.9,48.7,mars
2023-09-11,matin,349.03,16.2,70.85,2.1,44.22,102.38,6.32,26.0,aucun,0.0,56.52,0.1619,4685.44,198.42,0.74,23.7,68.3,septembre
2023-10-05,apres-midi,346.2,15.9,77.52,2.73,43.36,104.78,6.54,30.0,aucun,0.0,53.14,0.1535,4669.39,143.32,0.51,24.4,65.7,octobre
2023-07-10,apres-midi,315.57,17.73,72.24,2.74,42.03,102.39,6.54,33.0,aucun,0.0,60.31,0.1911,4075.53,181.62,0.97,30.3,44.7,juillet
2023-04-08,matin,315.28,16.71,76.8,2.52,38.08,104.69,6.5,26.0,aucun,0.0,53.49,0.1696,4209.38,155.32,2.34,20.1,74.7,avril
2023-03-31,matin,273.19,15.64,70.3,3.59,38.1,104.26,6.3,26.0,aucun,0.0,40.96,0.1499,3780.55,148.52,1.46,24.6,48.3,mars
2023-03-18,matin,295.82,17.73,77.55,2.76,35.67,103.06,6.56,25.0,maintenance,52.0,49.86,0.1685,4271.68,122.48,1.73,30.6,41.3,mars
2023-07-12,matin,336.68,17.0,70.56,4.07,42.46,102.44,6.21,25.0,aucun,0.0,59.27,0.176,4510.19,161.71,1.65,23.6,55.7,juillet
2023-04-13,apres-midi,336.56,17.59,73.18,2.57,41.61,103.65,6.69,28.0,aucun,0.0,63.29,0.188,3544.79,102.57,1.41,19.5,41.6,avril
2023-11-20,matin,223.55,17.78,77.62,2.17,26.32,104.41,6.36,32.0,aucun,0.0,42.6,0.1906,3004.54,126.74,2.33,27.8,52.5,novembre
2023-04-19,matin,381.27,17.76,72.63,2.01,49.82,104.8,6.52,20.0,aucun,0.0,73.26,0.1922,4053.04,200.2,2.49,26.5,68.6,avril
2023-10-23,matin,296.08,17.59,76.04,3.51,37.57,104.01,6.3,22.0,aucun,0.0,55.14,0.1862,3443.79,155.81,2.1,19.3,42.6,octobre
2023-12-13,apres-midi,261.07,18.26,76.78,2.93,30.9,104.27,6.41,34.0,retard matiere premiere,111.0,40.02,0.1533,3748.28,133.8,1.65,22.6,55.1,decembre
2023-08-05,apres-midi,209.79,18.21,75.49,3.39,23.82,104.28,6.68,27.0,maintenance,21.0,39.82,0.1898,2833.58,118.41,0.6,18.7,60.7,aout
2023-07-17,apres-midi,270.63,17.52,73.32,3.96,32.03,102.84,6.26,30.0,panne equipement,93.0,40.47,0.1495,3307.2,127.83,0.67,27.2,64.5,juillet
2023-12-02,apres-midi,219.06,17.2,73.54,2.65,26.74,102.67,6.47,21.0,aucun,0.0,39.51,0.1803,3249.08,88.64,2.44,26.0,61.8,decembre
2023-06-07,matin,302.25,16.75,74.0,2.08,37.1,103.9,6.46,23.0,aucun,0.0,51.92,0.1718,4285.81,168.16,1.27,21.2,52.5,juin
2023-02-17,matin,307.66,16.17,77.19,2.5,37.46,103.14,6.61,28.0,panne electrique,91.0,39.66,0.1289,3294.24,182.23,0.72,22.4,45.2,fevrier
2023-04-09,apres-midi,247.92,16.14,74.23,4.2,32.74,104.74,6.55,22.0,aucun,0.0,39.18,0.158,3431.23,85.59,0.83,26.6,43.5,avril
2023-07-03,apres-midi,254.63,19.0,70.1,2.58,34.89,104.89,6.46,22.0,retard matiere premiere,94.0,44.46,0.1746,3686.72,108.16,1.71,28.6,65.2,juillet
2023-02-19,matin,437.87,18.28,71.22,2.82,54.42,102.76,6.3,31.0,panne electrique,86.0,72.65,0.1659,4732.59,179.29,1.58,18.9,53.5,fevrier
2023-09-21,matin,215.32,17.37,71.28,4.22,21.53,103.92,6.62,26.0,maintenance,59.0,34.56,0.1605,2994.69,94.81,1.56,21.9,64.4,septembre
2023-03-25,matin,227.82,17.17,75.26,4.8,30.38,103.36,6.62,34.0,aucun,0.0,40.33,0.177,3212.44,132.35,0.98,27.8,53.5,mars
2023-03-27,matin,242.44,15.0,70.88,2.92,33.92,103.23,6.51,23.0,aucun,0.0,33.39,0.1377,2589.38,77.25,1.87,23.7,70.2,mars
2023-01-23,matin,299.85,16.21,75.72,4.97,36.23,103.64,6.56,22.0,aucun,0.0,47.48,0.1584,4371.38,135.16,0.96,24.7,46.5,janvier
2023-03-27,apres-midi,384.02,16.85,77.61,2.15,52.95,104.78,6.79,27.0,panne electrique,106.0,51.57,0.1343,5402.56,188.26,1.29,31.7,54.1,mars
2023-11-12,matin,233.02,15.76,77.74,4.19,26.58,102.19,6.48,28.0,aucun,0.0,34.85,0.1496,3268.64,88.71,1.44,19.9,42.3,novembre
2023-12-18,matin,185.04,18.22,76.2,4.9,25.42,103.75,6.7,20.0,aucun,0.0,36.45,0.197,1953.42,87.67,1.32,29.1,56.6,decembre
2023-07-13,matin,193.47,17.3,73.19,3.8,24.04,102.97,6.39,34.0,panne equipement,115.0,26.68,0.1379,2276.91,89.24,1.5,22.9,62.6,juillet
2023-05-26,apres-midi,419.84,16.8,76.41,2.91,53.83,104.64,6.66,33.0,aucun,0.0,71.87,0.1712,4814.86,236.27,1.75,29.8,54.3,mai
2023-10-29,apres-midi,377.24,15.91,74.12,3.28,45.66,103.45,6.26,29.0,aucun,0.0,58.24,0.1544,4957.62,124.98,0.51,27.0,49.7,octobre
2023-07-19,matin,258.77,17.6,74.73,2.45,32.84,103.82,6.44,33.0,aucun,0.0,48.62,0.1879,2897.73,103.94,1.4,19.0,53.9,juillet
2023-07-16,apres-midi,259.51,17.75,75.77,2.44,31.98,104.12,6.66,32.0,aucun,0.0,49.39,0.1903,3377.6,130.69,0.72,30.9,74.4,juillet
2023-12-02,matin,312.86,17.18,72.38,3.56,38.99,103.78,6.21,23.0,aucun,0.0,56.17,0.1796,3701.49,106.35,2.03,31.0,72.4,decembre
2023-09-15,matin,260.04,16.97,74.85,4.24,32.49,104.32,6.58,32.0,aucun,0.0,45.21,0.1739,2628.77,80.51,2.28,28.0,50.1,septembre
2023-06-02,matin,309.05,16.02,71.83,2.22,39.52,102.82,6.76,33.0,aucun,0.0,48.83,0.158,4180.0,133.91,1.82,23.9,68.3,juin
2023-03-04,matin,318.98,16.16,77.98,4.68,41.26,102.27,6.49,23.0,aucun,0.0,50.03,0.1568,3828.28,111.34,1.4,20.0,65.3,mars
2023-08-21,matin,216.68,16.96,70.08,4.08,27.43,103.61,6.43,25.0,panne equipement,56.0,33.59,0.155,2190.67,117.36,2.28,27.5,43.4,aout
2023-08-01,apres-midi,301.29,16.68,77.5,4.1,36.95,104.25,6.4,30.0,retard matiere premiere,90.0,40.99,0.1361,4263.24,166.89,0.81,22.9,46.7,aout
2023-09-09,apres-midi,300.25,17.54,72.12,4.39,37.86,104.27,6.26,21.0,aucun,0.0,55.82,0.1859,3672.81,151.11,1.73,29.9,68.1,septembre
2023-03-12,apres-midi,295.14,15.42,72.88,3.43,37.91,102.66,6.42,25.0,aucun,0.0,42.79,0.145,4019.12,88.76,0.86,31.0,45.5,mars
2023-12-08,matin,333.64,15.01,70.29,3.54,42.48,104.54,6.7,31.0,aucun,0.0,45.92,0.1376,4452.19,197.91,2.13,29.9,64.1,decembre
2023-05-20,matin,329.35,18.32,72.17,3.58,38.42,102.2,6.59,30.0,aucun,0.0,66.49,0.2019,4871.75,116.39,2.37,31.6,50.5,mai
2023-04-21,matin,220.66,15.0,73.92,2.1,26.07,104.44,6.74,26.0,panne equipement,36.0,28.05,0.1271,3281.3,108.09,0.86,27.2,48.9,avril
2023-11-23,matin,413.84,17.12,75.52,4.31,49.27,104.33,6.56,33.0,aucun,0.0,73.07,0.1766,4556.9,139.09,0.51,30.0,43.2,novembre
2023-01-01,matin,195.01,17.34,73.4,4.53,26.34,102.41,6.55,24.0,aucun,0.0,35.37,0.1814,2460.44,91.4,0.51,22.3,73.3,janvier
2023-01-19,apres-midi,270.14,16.91,73.54,3.94,37.49,103.44,6.67,33.0,panne electrique,104.0,36.68,0.1358,3630.21,106.19,1.82,23.0,42.1,janvier
2023-10-25,apres-midi,340.66,16.62,71.45,2.22,41.3,104.2,6.25,24.0,panne electrique,100.0,45.82,0.1345,4316.36,175.82,2.34,22.7,41.7,octobre
2023-05-26,matin,393.46,17.71,77.16,2.58,47.98,103.98,6.8,26.0,aucun,0.0,74.32,0.1889,4521.23,196.57,0.71,24.7,72.2,mai
2023-06-13,apres-midi,324.31,17.06,73.12,4.63,39.1,103.72,6.25,24.0,aucun,0.0,57.03,0.1758,4507.38,135.51,0.66,21.8,45.0,juin
2023-08-17,apres-midi,251.9,17.89,73.12,4.72,33.08,103.73,6.49,22.0,aucun,0.0,48.35,0.1919,3356.48,131.0,1.47,26.2,74.2,aout
2023-03-05,apres-midi,248.61,16.67,75.25,4.84,28.95,103.49,6.7,32.0,aucun,0.0,41.62,0.1674,3102.93,134.66,1.34,18.7,63.1,mars
2023-01-15,matin,309.89,16.49,70.71,4.0,38.25,103.18,6.48,22.0,aucun,0.0,51.49,0.1661,4265.36,107.51,0.68,23.7,46.3,janvier
2023-02-22,matin,308.57,15.75,73.98,2.05,34.59,104.39,6.69,31.0,panne electrique,84.0,38.72,0.1255,3195.49,155.21,1.91,25.0,41.8,fevrier
2023-02-07,apres-midi,276.44,18.27,74.79,3.45,37.92,102.26,6.72,20.0,panne equipement,109.0,42.7,0.1545,3202.85,97.0,2.11,22.3,48.7,fevrier
2023-06-04,apres-midi,297.91,17.23,76.39,2.61,38.57,104.36,6.47,30.0,aucun,0.0,53.59,0.1799,3254.27,89.71,1.76,26.9,62.8,juin
2023-09-23,matin,298.375,19.0,77.05,3.16,39.51,102.45,6.57,23.0,aucun,0.0,62.85,0.2135,3113.06,167.1,2.08,24.5,45.3,septembre
2023-06-09,matin,230.24,16.09,72.32,2.74,28.76,104.27,6.61,26.0,panne electrique,30.0,34.27,0.1489,2924.56,78.88,1.06,26.8,64.9,juin
2023-08-06,matin,324.67,15.73,70.76,2.34,43.14,102.61,6.34,34.0,aucun,0.0,49.5,0.1525,4608.93,186.86,0.65,30.0,74.8,aout
2023-12-05,apres-midi,262.2,19.0,70.85,4.21,34.91,102.32,6.76,25.0,maintenance,61.0,49.21,0.1877,3093.59,95.14,0.83,29.8,63.5,decembre
2023-12-03,matin,351.84,16.32,73.32,2.9,39.89,104.27,6.37,20.0,aucun,0.0,57.31,0.1629,5080.99,170.78,1.3,29.1,50.6,decembre
2023-06-15,matin,253.82,18.0,76.81,3.94,30.86,102.26,6.28,34.0,aucun,0.0,49.1,0.1934,3439.1,112.45,1.75,18.4,58.8,juin
2023-02-13,matin,345.29,18.78,75.21,4.75,44.35,104.46,6.21,25.0,aucun,0.0,71.93,0.2083,4764.51,160.51,2.08,23.0,48.9,fevrier
2023-06-24,matin,235.12,17.07,76.3,3.73,27.1,103.54,6.58,25.0,aucun,0.0,41.35,0.1758,2770.3,88.34,2.38,31.3,46.9,juin
2023-11-07,apres-midi,301.49,15.59,72.71,2.94,37.26,102.39,6.38,29.0,aucun,0.0,44.87,0.1488,3776.26,144.86,1.54,29.8,73.6,novembre
2023-08-17,matin,205.19,16.38,71.58,3.93,20.46,102.46,6.25,30.0,aucun,0.0,33.62,0.1638,3011.26,61.8,2.02,19.6,40.4,aout
2023-04-26,apres-midi,316.8,18.88,74.37,2.64,44.57,102.66,6.29,26.0,retard matiere premiere,23.0,64.21,0.2027,3913.35,189.16,1.97,30.2,50.5,avril
2023-03-17,apres-midi,178.34,16.89,73.35,4.37,23.65,104.77,6.26,30.0,maintenance,113.0,23.54,0.132,2573.24,67.57,1.34,26.4,55.5,mars
2023-01-16,matin,325.68,17.5,70.55,2.83,37.38,104.23,6.45,22.0,aucun,0.0,60.93,0.1871,4788.63,143.6,0.72,25.9,74.3,janvier
2023-11-26,matin,334.23,19.0,75.83,4.29,44.22,102.47,6.74,22.0,aucun,0.0,71.11,0.2128,3767.33,123.09,0.8,19.5,57.3,novembre
2023-11-24,matin,302.33,17.59,74.85,4.14,36.37,102.68,6.28,26.0,retard matiere premiere,84.0,46.41,0.1535,3793.73,97.18,0.64,18.3,74.3,novembre
2023-06-26,matin,223.5,17.02,73.16,2.94,28.41,103.47,6.37,29.0,aucun,0.0,39.46,0.1766,3178.51,127.83,0.62,28.5,66.7,juin
2023-07-01,matin,309.52,16.79,70.61,3.15,37.74,102.68,6.5,26.0,aucun,0.0,53.5,0.1729,3548.97,181.72,0.94,25.9,42.6,juillet
2023-10-31,apres-midi,297.02,17.6,74.11,4.81,34.69,104.37,6.36,33.0,retard matiere premiere,25.0,52.33,0.1762,3607.47,163.51,2.1,23.1,59.3,octobre
2023-08-07,matin,311.02,17.03,74.13,2.62,37.94,103.25,6.3,20.0,panne equipement,27.0,51.86,0.1667,3845.35,172.08,2.12,21.7,52.6,aout
2023-10-16,apres-midi,315.29,18.34,73.29,4.85,40.57,102.33,6.56,21.0,panne equipement,70.0,53.97,0.1712,4132.9,108.45,0.63,21.6,54.4,octobre
2023-12-07,apres-midi,450.0,18.24,73.39,4.53,54.14,103.49,6.49,28.0,aucun,0.0,89.46,0.1988,5479.46,224.72,1.01,27.7,43.7,decembre
2023-08-31,matin,220.73,16.7,71.6,3.11,26.48,103.66,6.43,31.0,retard matiere premiere,33.0,35.09,0.159,2635.92,66.24,1.35,21.6,59.4,aout
2023-10-05,matin,228.46,15.51,70.67,3.85,33.54,102.33,6.37,32.0,panne electrique,81.0,27.93,0.1222,3386.69,102.18,1.11,31.6,70.1,octobre
2023-03-19,apres-midi,280.06,16.12,70.63,4.79,32.61,102.6,6.39,28.0,aucun,0.0,44.32,0.1583,3024.81,154.85,1.79,26.2,41.2,mars
2023-02-08,matin,236.31,17.25,75.91,2.45,28.9,102.71,6.55,34.0,aucun,0.0,42.65,0.1805,3335.79,104.77,0.73,23.9,52.3,fevrier
2023-09-11,apres-midi,243.5,15.46,72.89,2.1,32.09,102.28,6.72,25.0,aucun,0.0,35.72,0.1467,3158.31,79.94,2.27,31.0,55.5,septembre
2023-06-28,matin,274.9,17.22,70.85,2.56,30.86,103.0,6.57,34.0,aucun,0.0,49.97,0.1818,3494.33,118.54,2.41,19.8,64.2,juin
2023-07-02,apres-midi,375.62,19.0,73.96,4.52,47.74,102.56,6.28,22.0,aucun,0.0,80.13,0.2133,4003.85,190.66,0.98,23.2,57.2,juillet
2023-10-10,apres-midi,290.37,17.86,73.44,3.35,34.4,102.53,6.53,22.0,aucun,0.0,55.93,0.1926,3802.23,159.16,2.3,29.1,71.4,octobre
2023-07-05,matin,344.35,15.91,70.43,3.67,44.5,104.15,6.48,22.0,maintenance,14.0,51.85,0.1506,5010.92,184.49,0.85,28.1,70.4,juillet
2023-08-19,matin,150.0,17.07,77.05,3.91,23.1,102.11,6.26,25.0,panne equipement,10.0,26.15,0.1743,1987.18,82.16,1.42,22.4,58.6,aout
2023-07-02,matin,325.6,17.15,70.77,2.02,38.72,103.23,6.33,29.0,panne electrique,79.0,49.21,0.1511,4280.41,144.98,1.23,25.1,73.5,juillet
2023-12-31,apres-midi,238.1,15.51,76.8,2.35,29.07,102.76,6.46,32.0,aucun,0.0,34.88,0.1465,3286.32,125.08,0.58,30.9,53.7,decembre
2023-10-01,matin,349.33,17.88,75.33,4.35,41.76,104.23,6.8,20.0,aucun,0.0,66.84,0.1913,3711.18,148.23,1.7,30.3,47.5,octobre
2023-08-15,apres-midi,262.9,18.2,77.7,2.63,33.01,103.54,6.63,27.0,retard matiere premiere,117.0,39.41,0.1499,3209.19,82.94,0.56,25.6,44.9,aout
2023-10-15,apres-midi,345.69,17.63,74.27,3.06,44.12,104.52,6.48,33.0,aucun,0.0,65.03,0.1881,4727.87,174.53,2.31,24.5,65.3,octobre
2023-07-23,apres-midi,282.57,16.8,77.63,3.17,39.11,104.13,6.25,33.0,aucun,0.0,48.2,0.1706,4206.21,109.87,1.72,23.0,43.0,juillet
2023-05-07,apres-midi,325.8,17.93,76.25,3.55,42.12,102.06,6.79,32.0,aucun,0.0,62.77,0.1927,3732.53,134.55,1.49,20.0,49.6,mai
2023-10-01,apres-midi,272.54,16.34,71.83,3.4,34.58,103.43,6.77,21.0,retard matiere premiere,111.0,34.23,0.1256,3397.88,160.13,0.82,25.5,56.5,octobre
2023-01-10,apres-midi,247.29,15.31,76.39,3.09,31.29,103.65,6.23,26.0,retard matiere premiere,70.0,30.01,0.1214,2604.99,114.86,1.54,22.1,56.0,janvier
2023-07-29,matin,200.56,15.84,77.5,2.45,26.62,102.16,6.21,23.0,aucun,0.0,30.6,0.1526,2017.31,101.5,1.87,29.0,44.7,juillet
2023-01-06,apres-midi,304.55,16.58,70.27,4.66,40.36,103.49,6.22,22.0,aucun,0.0,51.01,0.1675,4088.07,135.98,1.47,31.5,47.4,janvier
2023-10-30,apres-midi,175.07,16.32,71.01,2.92,19.46,102.44,6.26,27.0,aucun,0.0,28.65,0.1637,2532.8,64.42,2.39,23.2,54.6,octobre
2023-05-23,apres-midi,281.07,17.46,70.59,3.39,35.47,104.94,6.77,28.0,panne electrique,52.0,46.56,0.1656,2973.71,101.69,0.87,19.3,60.5,mai
2023-12-11,matin,280.14,17.23,70.58,4.97,32.97,103.67,6.63,27.0,aucun,0.0,50.36,0.1798,2814.16,112.1,0.71,29.7,66.3,decembre
2023-07-15,apres-midi,253.38,18.15,76.94,2.78,29.0,103.76,6.79,32.0,aucun,0.0,50.03,0.1974,3220.92,109.4,1.47,30.3,54.6,juillet
2023-05-29,matin,353.81,15.35,72.67,4.08,45.17,102.05,6.26,26.0,aucun,0.0,50.65,0.1432,4831.19,118.64,0.56,31.5,61.2,mai
2023-05-01,apres-midi,303.56,17.93,76.41,3.44,34.52,102.15,6.38,24.0,aucun,0.0,58.48,0.1927,3906.92,124.01,1.43,23.9,66.4,mai
2023-01-28,apres-midi,384.89,15.0,71.56,4.26,48.44,104.1,6.22,28.0,aucun,0.0,52.57,0.1366,5258.71,157.76,0.65,20.7,74.1,janvier
2023-09-22,apres-midi,293.36,17.49,75.98,4.45,39.9,103.12,6.45,33.0,aucun,0.0,53.81,0.1834,3141.93,112.19,1.83,26.3,42.4,septembre
2023-01-26,matin,374.14,17.05,76.19,3.29,47.13,103.22,6.59,20.0,panne equipement,30.0,61.67,0.1648,5524.6,137.18,1.11,29.5,60.2,janvier
2023-10-13,matin,344.57,17.37,72.32,4.27,42.24,102.05,6.35,26.0,aucun,0.0,62.88,0.1825,5078.43,107.56,0.94,23.0,63.8,octobre
2023-01-10,matin,201.76,15.0,74.75,4.3,26.74,103.87,6.63,27.0,panne equipement,99.0,21.73,0.1077,2283.83,95.3,1.53,25.8,62.7,janvier
2023-10-08,matin,287.46,16.68,70.74,3.41,33.63,102.32,6.24,31.0,aucun,0.0,49.01,0.1705,3701.97,154.46,1.76,27.0,72.0,octobre
2023-12-27,matin,230.72,17.88,77.47,3.52,28.18,104.16,6.69,22.0,aucun,0.0,44.11,0.1912,2742.35,77.93,0.66,21.2,71.2,decembre
2023-10-09,matin,331.03,17.08,70.35,4.83,44.95,102.24,6.64,29.0,aucun,0.0,58.6,0.177,4360.84,174.16,0.82,21.2,43.1,octobre
2023-08-11,matin,209.92,16.05,76.05,2.12,24.13,103.75,6.67,25.0,aucun,0.0,33.04,0.1574,2798.19,98.14,1.28,19.8,67.7,aout
2023-09-25,matin,290.19,18.0,76.25,3.94,34.54,103.56,6.53,22.0,aucun,0.0,56.19,0.1936,3041.26,141.84,0.81,29.7,60.1,septembre
2023-04-23,matin,181.8,16.41,70.03,3.74,24.3,104.58,6.28,31.0,panne equipement,120.0,22.5,0.1238,2521.06,68.81,2.22,19.8,48.5,avril
2023-03-16,apres-midi,287.76,19.0,71.16,4.45,31.8,104.0,6.62,23.0,panne electrique,78.0,51.72,0.1797,3138.67,115.6,1.19,18.3,65.1,mars
2023-06-27,matin,352.66,17.68,77.52,3.6,41.02,103.37,6.7,32.0,aucun,0.0,66.05,0.1873,4148.05,210.68,0.94,27.3,52.0,juin
2023-08-24,matin,268.44,15.88,74.79,2.19,33.24,104.96,6.21,22.0,aucun,0.0,41.43,0.1543,3433.19,88.76,1.27,25.9,57.3,aout
,apres-midi,236.45,17.12,74.23,2.5,29.43,104.22,6.52,27.0,aucun,0.0,42.24,0.1787,3080.45,75.95,1.21,26.3,63.5,
2023-03-30,matin,227.09,17.67,70.06,3.75,27.47,104.8,6.55,26.0,aucun,0.0,43.08,0.1897,2621.83,107.14,0.73,30.8,59.5,mars
2023-04-04,apres-midi,267.94,16.91,75.21,2.44,32.46,102.86,6.25,33.0,aucun,0.0,46.67,0.1742,2686.98,94.51,1.56,18.2,66.6,avril
2023-08-03,apres-midi,316.09,18.38,70.65,3.68,39.11,104.83,6.28,25.0,panne electrique,94.0,51.74,0.1637,3348.71,152.52,2.11,22.1,64.2,aout
2023-02-12,matin,325.23,17.97,74.5,4.39,38.51,103.67,6.24,26.0,aucun,0.0,62.88,0.1934,3300.01,108.6,1.31,25.6,69.5,fevrier
2023-08-25,apres-midi,179.02,17.82,74.53,3.32,19.54,103.04,6.35,30.0,aucun,0.0,34.27,0.1914,2461.43,90.58,0.99,29.9,66.5,aout
2023-11-13,matin,380.85,16.38,70.82,3.84,50.19,104.21,6.58,31.0,aucun,0.0,62.47,0.164,5692.15,214.93,2.19,25.9,57.3,novembre
2023-05-03,apres-midi,346.36,19.0,73.3,4.45,43.74,103.4,6.56,30.0,panne equipement,26.0,70.0,0.2021,4513.43,103.96,1.41,24.6,42.1,mai
2023-12-01,apres-midi,341.59,15.94,75.8,3.76,40.47,102.85,6.29,24.0,retard matiere premiere,116.0,39.9,0.1168,4421.88,156.56,2.32,19.9,56.1,decembre
2023-11-02,apres-midi,362.29,17.59,73.54,4.77,43.22,103.94,6.6,31.0,aucun,0.0,67.38,0.186,4787.11,155.52,0.85,20.6,66.7,novembre
2023-12-20,apres-midi,287.63,16.67,75.9,2.9,35.98,103.41,6.34,32.0,aucun,0.0,48.57,0.1689,3920.74,110.84,2.16,24.7,59.1,decembre
2023-04-05,apres-midi,333.69,17.07,73.25,4.33,43.11,104.94,6.63,30.0,panne electrique,95.0,49.39,0.148,3867.22,180.39,2.44,22.1,45.6,avril
2023-03-21,apres-midi,430.64,16.96,72.47,3.98,52.47,103.45,6.78,30.0,panne equipement,96.0,60.22,0.1398,6320.79,159.41,2.14,27.8,56.1,mars
2023-10-12,apres-midi,342.23,17.21,75.4,3.5,42.51,103.36,6.49,33.0,panne equipement,104.0,47.76,0.1396,3803.72,147.13,1.73,30.2,71.9,octobre
2023-05-10,apres-midi,204.7,16.94,70.07,2.25,23.47,102.82,6.4,30.0,aucun,0.0,36.18,0.1768,2765.26,105.92,2.02,28.3,68.3,mai
2023-04-17,matin,263.91,17.79,72.17,3.7,36.91,102.6,6.46,34.0,aucun,0.0,50.52,0.1914,2838.41,105.08,1.57,28.2,67.0,avril
2023-06-09,apres-midi,331.14,16.95,71.34,2.79,40.06,104.29,6.36,31.0,aucun,0.0,58.31,0.1761,3646.26,166.69,2.18,18.8,59.7,juin
2023-06-21,matin,390.09,16.02,73.8,3.9,47.48,102.19,6.64,29.0,aucun,0.0,60.85,0.156,5330.16,193.25,0.79,31.5,58.6,juin
2023-02-02,matin,213.18,16.29,77.67,3.84,23.64,103.83,6.5,26.0,aucun,0.0,34.12,0.1601,2254.27,79.43,1.43,23.7,47.4,fevrier
2023-04-24,apres-midi,342.45,17.82,71.78,2.06,40.44,104.41,6.41,23.0,aucun,0.0,66.32,0.1936,4601.69,165.86,2.28,26.1,58.6,avril
2023-12-12,matin,305.52,17.38,70.65,4.7,38.72,102.35,6.53,27.0,retard matiere premiere,80.0,46.56,0.1524,4120.26,170.28,2.43,27.2,51.0,decembre
2023-02-26,apres-midi,184.8,18.06,71.51,2.1,23.07,104.37,6.51,29.0,aucun,0.0,36.7,0.1986,2447.37,71.41,1.68,25.2,55.8,fevrier
2023-08-27,apres-midi,244.11,18.25,75.28,3.43,26.98,104.19,6.46,29.0,panne equipement,117.0,36.79,0.1507,2601.98,112.53,1.42,30.2,67.4,aout
2023-12-04,apres-midi,393.42,16.83,72.74,2.13,47.95,103.69,6.57,27.0,retard matiere premiere,118.0,51.54,0.131,5715.86,146.27,1.03,21.2,63.7,decembre
2023-04-20,matin,355.76,16.96,70.47,4.85,46.37,103.86,6.29,30.0,panne equipement,48.0,55.9,0.1571,5258.27,189.1,2.43,25.3,63.7,avril
2023-05-06,apres-midi,351.61,17.48,75.81,4.19,45.76,104.5,6.5,28.0,aucun,0.0,64.48,0.1834,3695.79,180.94,1.59,20.5,57.4,mai
2023-12-24,apres-midi,392.24,18.28,71.4,2.32,50.86,103.82,6.25,25.0,aucun,0.0,79.47,0.2026,4708.52,183.35,2.06,27.8,56.8,decembre
2023-05-18,apres-midi,281.47,17.89,71.16,3.59,36.13,102.33,6.44,21.0,aucun,0.0,54.57,0.1939,3803.76,127.99,1.48,25.5,64.4,mai
2023-11-20,apres-midi,320.05,15.81,70.09,4.95,40.88,103.29,6.42,24.0,aucun,0.0,48.75,0.1523,4758.6,147.58,0.9,29.0,52.0,novembre
2023-12-20,matin,347.45,15.0,75.93,2.73,43.5,102.82,6.29,20.0,panne electrique,107.0,36.84,0.106,4053.09,167.63,1.06,31.2,49.9,decembre
2023-09-24,matin,310.95,18.31,71.57,3.63,41.79,103.94,6.71,31.0,maintenance,75.0,52.97,0.1703,4144.93,114.56,1.65,24.4,74.2,septembre
2023-07-31,matin,265.95,16.82,73.91,4.94,32.16,102.72,6.33,27.0,retard matiere premiere,62.0,39.53,0.1486,2755.52,129.8,1.67,18.7,47.1,juillet
2023-02-18,matin,286.1,16.78,71.9,2.76,32.92,104.47,6.63,20.0,aucun,0.0,49.38,0.1726,3136.91,167.84,1.11,30.4,58.2,fevrier
2023-06-14,matin,205.11,15.65,75.56,3.65,23.69,104.99,6.58,27.0,retard matiere premiere,71.0,25.97,0.1266,3031.81,102.08,1.41,20.4,61.2,juin
2023-02-14,apres-midi,182.6,15.85,73.91,2.23,25.07,104.89,6.2,22.0,panne equipement,100.0,22.26,0.1219,1875.82,78.12,1.23,19.0,63.6,fevrier
2023-08-24,apres-midi,362.3,16.69,70.7,4.2,44.31,103.79,6.4,26.0,aucun,0.0,61.57,0.1699,3716.33,182.04,2.35,29.7,63.3,aout
2023-09-17,apres-midi,281.0,16.18,72.31,3.28,35.04,104.12,6.73,22.0,panne equipement,78.0,37.71,0.1342,3734.78,92.84,0.8,22.6,60.1,septembre
2023-11-05,matin,290.1,16.98,71.6,3.86,38.53,104.56,6.5,23.0,panne electrique,46.0,46.06,0.1588,3806.74,154.44,0.89,28.5,55.0,novembre
2023-07-18,apres-midi,376.45,16.67,75.35,2.86,44.92,103.61,6.54,25.0,aucun,0.0,63.62,0.169,5020.8,193.53,0.72,21.0,61.7,juillet
2023-02-11,apres-midi,334.43,17.96,71.55,2.84,39.09,104.69,6.52,31.0,panne equipement,98.0,52.13,0.1559,4284.71,125.6,0.81,26.2,61.2,fevrier
2023-04-28,apres-midi,361.58,16.76,77.75,2.57,43.55,102.56,6.6,27.0,maintenance,25.0,58.35,0.1614,4687.22,165.03,1.44,21.4,72.7,avril
2023-10-30,matin,296.7,15.97,76.56,3.12,39.04,103.71,6.59,26.0,panne electrique,30.0,43.07,0.1452,4078.85,91.33,0.58,24.1,57.3,octobre
2023-11-14,matin,263.87,17.67,72.2,3.2,33.62,104.5,6.27,26.0,aucun,0.0,49.99,0.1894,2675.99,114.25,1.92,27.8,58.3,novembre
2023-01-08,matin,328.63,15.57,71.1,4.04,41.93,103.91,6.56,32.0,maintenance,17.0,46.92,0.1428,3598.57,150.04,1.49,29.2,70.1,janvier
2023-07-30,apres-midi,269.15,17.28,72.56,3.65,32.94,104.54,6.36,28.0,panne equipement,19.0,46.87,0.1742,3354.5,99.99,2.27,20.4,66.1,juillet
2023-02-02,apres-midi,321.8,16.54,70.4,4.66,40.88,102.64,6.66,29.0,panne electrique,55.0,47.51,0.1477,4103.53,104.17,1.24,18.9,47.8,fevrier
2023-05-16,apres-midi,287.91,16.67,71.96,2.61,37.04,104.67,6.62,26.0,aucun,0.0,49.06,0.1704,3149.57,169.06,0.98,28.5,69.1,mai
2023-08-14,apres-midi,205.89,17.25,73.16,3.93,25.16,103.04,6.67,33.0,aucun,0.0,37.1,0.1802,2101.13,80.35,0.66,30.0,73.0,aout
2023-09-15,apres-midi,291.06,17.37,70.8,2.97,40.28,102.15,6.55,28.0,aucun,0.0,53.67,0.1844,3179.06,96.03,0.96,23.5,66.3,septembre
2023-08-04,apres-midi,262.22,18.34,77.34,2.89,31.1,104.5,6.34,32.0,aucun,0.0,52.67,0.2008,3738.52,133.74,1.09,22.0,59.6,aout
2023-01-22,matin,266.72,17.17,73.61,3.19,30.78,103.67,6.61,32.0,aucun,0.0,47.78,0.1791,2717.94,143.64,1.81,26.5,40.0,janvier
2023-04-07,apres-midi,372.74,17.76,70.27,4.46,47.08,103.47,6.55,25.0,inconnu,21.0,67.95,0.1823,4917.01,137.65,0.7,25.8,74.9,avril
2023-11-28,apres-midi,237.0,19.0,72.76,4.03,31.22,102.74,6.43,33.0,aucun,0.0,50.81,0.2144,3510.75,107.66,2.29,21.5,61.8,novembre
2023-04-25,matin,266.1,17.66,71.96,2.35,35.91,102.28,6.68,21.0,aucun,0.0,50.61,0.1902,3920.84,96.0,2.15,30.7,43.0,avril
2023-04-07,matin,313.33,17.88,70.86,2.06,40.46,102.97,6.2,21.0,aucun,0.0,61.15,0.1952,4291.1,160.82,1.17,22.3,71.2,avril
2023-02-04,matin,301.86,15.26,70.3,3.74,32.38,104.75,6.46,31.0,maintenance,96.0,34.39,0.1139,3554.86,103.93,1.88,29.0,54.6,fevrier
2023-09-26,apres-midi,290.03,17.84,73.88,4.38,39.06,103.94,6.28,33.0,aucun,0.0,55.39,0.191,3562.85,129.13,2.48,31.3,44.2,septembre
2023-01-12,matin,279.62,15.98,73.25,3.98,29.06,103.57,6.68,22.0,retard matiere premiere,59.0,38.13,0.1364,4179.22,127.86,0.73,21.8,48.5,janvier
2023-01-02,apres-midi,315.3,16.82,71.74,3.58,38.55,103.28,6.79,22.0,aucun,0.0,54.4,0.1725,3475.15,120.77,0.99,20.4,73.8,janvier
2023-08-28,apres-midi,360.44,16.56,76.15,3.64,47.41,102.39,6.6,23.0,aucun,0.0,59.81,0.1659,5029.38,114.83,2.15,24.2,48.6,aout
2023-03-23,matin,321.39,16.86,76.88,2.43,37.67,103.44,6.53,34.0,aucun,0.0,55.45,0.1725,4492.44,182.04,2.33,20.1,72.8,mars
2023-07-25,apres-midi,305.8,18.06,75.23,3.96,39.23,102.76,6.69,34.0,aucun,0.0,59.68,0.1952,4101.13,116.86,0.51,23.6,73.5,juillet
2023-11-18,matin,374.29,15.31,77.65,2.8,47.31,103.65,6.53,20.0,aucun,0.0,53.11,0.1419,5219.54,217.59,2.18,31.9,56.8,novembre
2023-03-19,matin,285.66,15.74,73.89,3.2,36.68,103.6,6.76,24.0,aucun,0.0,43.18,0.1512,3544.81,106.12,1.19,31.8,43.4,mars
2023-02-24,apres-midi,367.09,15.77,71.94,4.25,46.29,102.79,6.41,20.0,aucun,0.0,55.58,0.1514,4099.7,112.26,1.78,27.3,60.8,fevrier
2023-02-24,matin,255.79,18.26,74.58,4.03,32.93,104.15,6.69,33.0,aucun,0.0,50.96,0.1992,2724.6,145.24,1.96,29.1,68.2,fevrier
2023-04-14,matin,347.42,17.74,73.46,3.76,38.91,104.25,6.53,27.0,panne electrique,84.0,54.43,0.1567,4975.05,147.68,2.14,20.4,50.5,avril
2023-06-28,apres-midi,267.2,16.02,71.68,2.04,34.02,104.99,6.63,26.0,aucun,0.0,42.28,0.1582,2715.74,118.34,2.28,18.4,60.2,juin
2023-12-30,matin,434.86,16.22,75.09,2.36,57.81,103.36,6.64,20.0,retard matiere premiere,86.0,57.4,0.132,5973.87,130.98,0.73,19.8,56.3,decembre
2023-08-12,matin,235.84,17.49,73.01,3.95,26.75,104.45,6.21,26.0,aucun,0.0,43.62,0.1849,2586.69,75.86,0.59,30.9,56.3,aout
2023-11-15,matin,253.36,15.99,75.63,3.63,33.02,102.52,6.22,21.0,aucun,0.0,39.31,0.1551,3570.86,106.47,1.8,24.6,72.2,novembre
2023-07-11,apres-midi,391.52,16.85,74.04,4.1,51.84,104.74,6.39,26.0,aucun,0.0,67.34,0.172,5312.89,208.01,0.63,18.3,51.2,juillet
2023-07-07,matin,450.0,16.66,73.88,3.11,58.88,104.85,6.76,29.0,aucun,0.0,76.11,0.1691,4814.52,213.53,0.77,23.6,57.9,juillet
2023-12-25,matin,243.02,18.62,74.92,3.86,35.1,103.17,6.46,22.0,maintenance,120.0,37.6,0.1547,2507.68,103.15,1.51,29.0,47.5,decembre
2023-06-27,apres-midi,292.21,16.83,73.8,3.69,35.23,104.37,6.48,25.0,aucun,0.0,50.24,0.1719,4221.45,166.71,1.29,22.2,72.0,juin
2023-06-03,apres-midi,355.31,17.18,73.54,2.38,47.6,102.45,6.52,24.0,aucun,0.0,63.97,0.18,4430.95,206.94,1.67,30.0,47.0,juin
2023-08-09,apres-midi,276.23,18.21,73.9,3.23,33.5,104.3,6.5,20.0,aucun,0.0,55.04,0.1992,3985.9,98.31,1.58,18.5,66.7,aout
2023-08-23,matin,302.58,16.57,71.24,2.71,36.02,104.07,6.5,29.0,panne equipement,87.0,41.81,0.1382,4053.9,160.77,1.44,19.8,46.7,aout
2023-11-19,apres-midi,326.42,16.15,74.44,2.82,39.79,103.9,6.41,32.0,aucun,0.0,51.98,0.1592,3823.09,155.95,0.88,30.3,48.4,novembre
2023-08-12,apres-midi,272.86,15.42,75.44,4.61,30.96,102.16,6.69,24.0,aucun,0.0,39.12,0.1434,3118.05,143.9,1.93,25.3,64.8,aout
2023-11-02,matin,192.6,18.24,76.09,4.69,23.9,104.66,6.44,22.0,aucun,0.0,38.04,0.1975,2077.29,76.85,1.3,28.6,45.8,novembre
2023-10-20,matin,338.21,18.89,71.46,3.68,42.31,103.12,6.57,21.0,aucun,0.0,72.11,0.2132,3576.46,180.0,1.69,21.8,51.8,octobre
2023-12-28,matin,218.71,17.98,74.42,4.17,26.09,102.25,6.66,29.0,retard matiere premiere,93.0,34.15,0.1561,2885.27,67.28,2.33,26.1,41.0,decembre
2023-05-05,matin,325.32,18.0,73.88,3.26,41.79,103.14,6.51,32.0,maintenance,46.0,57.4,0.1764,4456.17,145.33,0.63,28.6,69.1,mai
2023-02-21,apres-midi,311.5,17.61,72.58,3.82,40.41,104.85,6.31,21.0,aucun,0.0,58.42,0.1876,3554.16,144.18,1.3,25.7,71.0,fevrier
2023-09-22,matin,312.88,16.7,74.33,2.68,36.98,102.77,6.49,24.0,aucun,0.0,53.25,0.1702,3952.0,97.4,2.04,30.6,50.4,septembre
2023-12-06,matin,270.79,16.85,72.02,2.57,34.31,104.24,6.76,20.0,aucun,0.0,47.12,0.174,2993.91,151.94,1.12,28.5,68.8,decembre
2023-01-13,apres-midi,267.15,18.67,77.92,2.07,31.7,104.22,6.69,21.0,aucun,0.0,55.53,0.2079,3802.33,116.0,0.7,30.6,70.0,janvier
2023-04-01,matin,234.37,17.66,72.12,3.66,26.87,105.0,6.33,28.0,aucun,0.0,44.27,0.1889,2430.8,96.51,1.21,28.4,49.4,avril
2023-07-23,matin,357.44,16.88,77.54,3.35,43.42,102.0,6.33,31.0,aucun,0.0,61.45,0.1719,3832.66,116.29,1.62,18.1,52.5,juillet
2023-06-26,apres-midi,310.87,18.92,72.04,3.47,40.62,102.28,6.38,27.0,aucun,0.0,66.43,0.2137,4355.24,180.76,2.16,22.1,73.2,juin
2023-06-05,apres-midi,235.88,18.49,77.69,4.14,30.93,103.48,6.75,28.0,aucun,0.0,47.71,0.2022,2504.57,121.67,1.38,22.6,74.7,juin
2023-06-10,apres-midi,161.45,15.5,72.79,3.35,21.95,102.5,6.79,25.0,panne equipement,34.0,22.0,0.1363,2310.39,65.85,2.05,18.5,62.3,juin
2023-01-31,apres-midi,237.77,17.02,71.84,4.39,24.31,104.26,6.44,23.0,maintenance,39.0,38.42,0.1616,2542.45,85.24,1.46,25.0,41.8,janvier
2023-10-17,matin,236.12,17.74,75.8,3.43,30.5,102.2,6.5,20.0,aucun,0.0,44.67,0.1892,3388.92,109.83,2.2,32.0,41.4,octobre
2023-12-13,matin,350.48,17.85,74.73,4.65,41.8,104.29,6.68,24.0,aucun,0.0,66.8,0.1906,3777.38,128.44,0.67,18.5,56.1,decembre
2023-02-25,apres-midi,163.65,17.21,73.38,3.2,20.3,102.94,6.72,27.0,panne equipement,110.0,22.71,0.1388,1983.22,70.98,0.66,18.7,56.6,fevrier
2023-05-08,matin,308.27,16.89,71.27,4.41,36.69,102.0,6.22,31.0,aucun,0.0,53.48,0.1735,3243.21,173.97,1.69,20.8,46.9,mai
2023-09-28,matin,343.94,18.29,70.54,3.11,45.38,102.06,6.71,32.0,retard matiere premiere,45.0,63.08,0.1834,3586.72,135.8,1.14,19.9,50.2,septembre
2023-10-19,matin,339.57,19.0,72.81,2.15,44.53,103.23,6.41,32.0,retard matiere premiere,76.0,61.85,0.1821,4859.27,110.7,1.78,29.7,68.6,octobre
2023-08-11,apres-midi,318.81,16.76,72.18,4.44,38.18,103.75,6.74,22.0,aucun,0.0,54.36,0.1705,3730.2,123.37,2.14,21.7,62.9,aout
2023-12-31,matin,276.63,17.81,71.38,2.06,36.23,103.98,6.39,29.0,aucun,0.0,53.54,0.1936,4141.21,109.44,1.55,21.1,60.4,decembre
2023-03-08,apres-midi,272.75,17.13,70.87,3.32,34.1,103.18,6.56,27.0,aucun,0.0,48.89,0.1792,3203.42,136.84,1.83,23.5,52.1,mars
2023-03-12,matin,254.12,16.96,77.18,3.16,32.68,104.44,6.78,33.0,aucun,0.0,44.19,0.1739,3671.5,106.2,1.55,18.6,61.7,mars
2023-01-03,apres-midi,265.61,16.6,76.88,3.32,33.37,103.68,6.69,33.0,aucun,0.0,44.33,0.1669,3922.47,96.49,1.22,25.7,49.5,janvier
2023-03-22,matin,377.03,16.44,73.43,3.06,48.06,103.18,6.61,32.0,aucun,0.0,62.23,0.165,5123.55,199.72,2.1,25.1,48.7,mars
2023-08-27,matin,341.74,15.14,75.94,3.79,44.15,104.35,6.77,27.0,aucun,0.0,47.29,0.1384,4539.1,126.41,1.86,30.2,73.5,aout
2023-02-01,apres-midi,243.95,16.26,71.3,2.38,28.37,102.47,6.36,29.0,aucun,0.0,39.7,0.1627,3300.93,109.19,0.57,31.4,56.4,fevrier
2023-10-22,matin,304.06,16.51,76.6,2.89,38.63,103.86,6.72,32.0,aucun,0.0,50.31,0.1655,3250.98,125.85,1.92,29.4,48.6,octobre
2023-09-05,apres-midi,347.83,15.44,72.81,2.81,44.81,104.51,6.52,28.0,aucun,0.0,50.73,0.1458,4859.43,126.01,1.63,28.1,47.0,septembre
2023-01-30,apres-midi,450.0,15.75,70.95,3.89,57.68,104.99,6.25,33.0,aucun,0.0,68.26,0.1517,6021.56,248.02,0.98,21.5,41.8,janvier
2023-12-04,matin,331.41,15.97,76.06,4.55,40.45,103.56,6.6,33.0,aucun,0.0,50.99,0.1538,3721.72,156.71,0.55,20.6,43.7,decembre
2023-01-05,apres-midi,228.37,16.04,71.98,3.74,24.19,104.87,6.56,30.0,aucun,0.0,35.89,0.1572,2572.53,73.96,1.97,31.5,73.4,janvier
2023-07-06,matin,397.86,15.1,72.17,2.92,51.43,103.58,6.74,29.0,aucun,0.0,55.43,0.1393,5203.78,235.65,1.12,18.5,55.2,juillet
2023-06-29,apres-midi,411.7,16.93,74.28,4.94,52.12,102.08,6.72,22.0,panne equipement,38.0,65.5,0.1591,4979.83,195.45,2.49,24.6,66.6,juin
2023-10-28,apres-midi,311.79,16.16,76.26,3.92,38.86,102.54,6.25,28.0,retard matiere premiere,87.0,40.34,0.1294,3693.11,116.33,1.76,25.0,61.7,octobre
2023-04-22,apres-midi,387.08,15.4,72.03,3.58,42.85,104.77,6.69,34.0,aucun,0.0,56.02,0.1447,5210.08,116.89,2.42,29.1,71.6,avril
2023-09-19,apres-midi,249.03,16.71,73.65,2.45,30.56,103.71,6.78,27.0,retard matiere premiere,50.0,38.11,0.153,2635.66,140.22,0.75,21.8,55.7,septembre
2023-09-06,apres-midi,331.95,18.5,74.22,2.5,38.55,102.59,6.48,23.0,aucun,0.0,68.27,0.2057,3837.48,152.02,1.52,27.2,67.8,septembre
2023-07-17,matin,315.17,18.38,74.43,4.78,39.33,104.5,6.54,34.0,retard matiere premiere,78.0,53.02,0.1682,4177.78,128.97,1.43,25.2,70.6,juillet
2023-10-18,matin,411.84,17.13,77.68,2.86,47.36,103.46,6.47,28.0,aucun,0.0,73.01,0.1773,4660.54,171.03,1.22,29.4,43.9,octobre
2023-05-24,matin,220.81,15.45,71.41,3.87,27.8,103.32,6.51,30.0,aucun,0.0,32.16,0.1457,2288.44,78.76,0.95,25.0,46.6,mai
2023-01-21,apres-midi,366.6,16.42,77.74,2.98,47.39,102.06,6.79,32.0,maintenance,66.0,51.63,0.1408,3991.69,150.81,1.22,21.3,46.8,janvier
2023-04-28,matin,298.4,15.21,75.59,2.64,36.91,102.38,6.77,31.0,panne equipement,119.0,31.56,0.1058,3017.68,146.64,0.59,26.1,56.9,avril
2023-10-15,matin,198.47,16.93,71.17,3.74,25.38,103.75,6.59,22.0,aucun,0.0,34.68,0.1748,2881.58,81.69,1.69,18.4,57.7,octobre
2023-09-07,apres-midi,333.17,17.48,77.53,3.44,41.24,103.04,6.42,32.0,retard matiere premiere,81.0,50.81,0.1525,3340.64,193.68,1.56,31.5,71.5,septembre
2023-05-28,apres-midi,438.0,18.17,72.98,4.14,58.47,102.14,6.2,33.0,aucun,0.0,86.72,0.198,6448.14,233.51,1.11,28.7,54.9,mai
2023-10-08,apres-midi,318.55,17.93,71.1,2.44,38.59,102.87,6.34,22.0,aucun,0.0,62.36,0.1957,3936.49,159.03,1.7,24.4,73.1,octobre
2023-01-17,matin,271.78,17.75,72.26,3.71,34.77,104.72,6.53,34.0,aucun,0.0,51.78,0.1905,3539.3,151.53,1.8,21.8,70.0,janvier
2023-11-13,apres-midi,318.89,15.52,77.35,2.64,41.72,104.97,6.79,28.0,inconnu,0.0,46.65,0.1463,3771.0,96.61,1.86,28.6,71.5,novembre
2023-07-09,matin,228.29,18.61,71.09,3.65,26.78,103.74,6.42,21.0,aucun,0.0,47.47,0.208,2764.03,74.82,1.78,26.6,60.7,juillet
2023-01-30,matin,244.03,17.13,70.24,3.0,31.74,103.77,6.59,24.0,aucun,0.0,43.87,0.1798,2708.12,133.84,2.46,18.3,74.0,janvier
2023-06-18,apres-midi,261.29,18.88,73.66,4.06,29.65,102.16,6.78,33.0,aucun,0.0,55.32,0.2117,3238.22,91.37,1.22,30.0,63.4,juin
2023-06-15,apres-midi,382.88,16.93,71.74,4.13,46.91,103.34,6.7,28.0,aucun,0.0,66.71,0.1742,5694.2,191.99,2.14,30.7,63.9,juin
2023-02-11,matin,366.25,16.11,77.3,4.22,45.29,103.89,6.45,24.0,aucun,0.0,57.28,0.1564,3708.4350000000004,125.64,1.19,29.4,54.4,fevrier
2023-11-27,matin,340.99,16.91,75.73,4.5,42.61,103.7,6.47,25.0,aucun,0.0,58.71,0.1722,3628.1,116.99,1.93,27.7,68.0,novembre
2023-08-08,matin,240.29,16.61,73.02,4.63,32.66,103.28,6.44,20.0,aucun,0.0,40.18,0.1672,2821.71,77.4,1.46,31.7,46.8,aout
2023-11-25,apres-midi,291.49,17.66,77.35,3.51,35.06,103.21,6.43,22.0,aucun,0.0,54.5,0.187,3263.73,167.02,1.57,21.6,67.6,novembre
2023-12-17,apres-midi,238.29,15.54,73.88,2.97,25.74,104.62,6.48,23.0,retard matiere premiere,24.0,33.39,0.1401,3422.6,93.87,0.84,21.7,47.9,decembre
2023-02-22,apres-midi,299.13,17.6,76.77,2.66,38.06,102.54,6.38,34.0,panne electrique,33.0,52.07,0.1741,4115.35,113.64,1.83,20.9,49.9,fevrier
2023-08-23,apres-midi,333.8,16.6,73.69,4.66,45.58,102.82,6.48,24.0,aucun,0.0,55.66,0.1668,4454.28,134.33,0.92,21.1,71.4,aout
2023-12-12,apres-midi,450.0,17.71,75.83,3.14,54.51,102.4,6.6,33.0,retard matiere premiere,20.0,81.46,0.181,6697.68,151.87,0.9,22.5,64.3,decembre
2023-05-27,matin,237.1,15.6,75.71,2.43,33.2,103.0,6.51,20.0,aucun,0.0,35.18,0.1484,3103.58,132.14,2.48,31.5,66.3,mai
2023-12-10,matin,244.97,15.88,75.57,4.29,34.43,103.79,6.74,30.0,aucun,0.0,37.36,0.1525,3112.55,101.7,0.72,29.6,44.8,decembre
2023-06-19,matin,335.29,17.39,70.39,2.26,41.79,102.73,6.78,24.0,maintenance,85.0,51.21,0.1527,3864.98,186.73,0.99,23.3,57.2,juin
2023-02-18,apres-midi,312.59,18.28,77.7,2.15,38.23,103.5,6.27,33.0,aucun,0.0,62.61,0.2003,3592.63,171.73,1.07,30.6,65.5,fevrier
2023-11-06,matin,284.46,17.16,74.33,3.14,33.4,102.89,6.56,22.0,aucun,0.0,50.86,0.1788,3435.93,112.47,2.14,29.6,54.6,novembre
2023-04-11,matin,322.45,17.23,73.3,2.95,38.36,102.1,6.71,22.0,panne equipement,82.0,48.32,0.1499,4501.2,103.87,2.37,22.6,56.2,avril
2023-06-06,matin,326.41,17.31,77.2,2.16,41.2,103.82,6.39,20.0,aucun,0.0,59.27,0.1816,3973.5,158.24,2.49,25.1,75.0,juin
2023-12-16,matin,328.39,17.88,72.92,3.6,39.54,103.12,6.52,20.0,aucun,0.0,63.34,0.1929,4143.29,141.1,1.3,29.9,71.4,decembre
2023-07-29,apres-midi,309.97,15.0,74.92,4.54,35.98,102.76,6.28,29.0,aucun,0.0,41.99,0.1355,3270.49,104.12,0.83,19.9,41.1,juillet
2023-04-29,matin,298.03,16.23,71.55,2.66,40.6,104.35,6.54,32.0,aucun,0.0,48.24,0.1618,3151.84,134.11,0.9,25.5,71.8,avril
2023-04-12,matin,287.69,15.67,76.97,4.45,37.96,103.77,6.36,23.0,panne equipement,68.0,36.54,0.127,2974.89,128.97,0.76,25.5,60.1,avril
2023-03-04,apres-midi,450.0,16.96,73.5,4.26,55.48,102.05,6.56,30.0,aucun,0.0,78.36,0.1741,5717.98,144.57,1.25,31.0,45.3,mars
2023-12-19,apres-midi,250.81,19.0,71.6,3.69,31.85,103.53,6.72,26.0,aucun,0.0,53.99,0.2153,3697.91,144.85,1.92,24.3,69.6,decembre
2023-12-17,matin,292.85,17.66,72.31,4.01,38.22,102.96,6.38,29.0,aucun,0.0,55.19,0.1885,4105.65,144.27,0.62,31.0,63.5,decembre
2023-10-14,matin,344.15,19.0,71.17,3.91,40.62,102.15,6.75,20.0,retard matiere premiere,45.0,67.12,0.195,3509.29,161.02,2.27,27.6,62.9,octobre
2023-11-25,matin,293.94,17.75,71.35,3.81,38.26,104.65,6.22,31.0,aucun,0.0,56.05,0.1907,3098.42,120.19,1.32,24.6,61.3,novembre
2023-08-26,apres-midi,273.71,16.64,77.54,4.26,31.04,104.35,6.57,25.0,aucun,0.0,45.58,0.1665,3752.55,98.95,2.05,26.4,64.5,aout
2023-04-29,apres-midi,317.67,18.66,75.05,4.48,36.83,103.93,6.58,22.0,aucun,0.0,65.55,0.2063,4741.42,166.58,1.32,24.6,51.2,avril
2023-03-17,matin,316.01,17.55,72.8,4.24,40.93,102.92,6.39,21.0,aucun,0.0,58.76,0.1859,3859.18,139.6,2.42,21.1,62.2,mars
2023-06-13,matin,191.65,17.74,71.01,2.67,20.96,102.26,6.72,27.0,aucun,0.0,36.75,0.1917,2597.51,71.33,2.42,26.9,60.0,juin
2023-12-21,apres-midi,321.52,17.62,73.63,3.76,39.93,104.97,6.45,23.0,maintenance,29.0,56.59,0.176,4628.35,101.88,1.53,29.6,57.2,decembre
2023-03-21,matin,307.87,17.96,72.59,2.61,35.38,102.05,6.21,30.0,aucun,0.0,60.24,0.1957,4085.68,130.23,0.79,22.2,65.3,mars
2023-01-24,matin,318.4,15.17,73.97,3.32,36.74,102.27,6.68,31.0,retard matiere premiere,90.0,36.17,0.1136,3899.42,103.33,1.89,20.9,43.3,janvier
2023-08-20,matin,336.74,16.87,74.62,3.52,40.87,103.77,6.35,25.0,panne equipement,93.0,46.89,0.1392,3708.53,147.74,0.73,27.7,57.0,aout
2023-08-19,apres-midi,284.51,17.21,75.34,4.44,31.42,103.36,6.73,27.0,aucun,0.0,50.7,0.1782,3242.9,102.56,2.02,29.5,68.1,aout
2023-03-11,apres-midi,369.58,18.21,77.97,4.02,47.49,102.82,6.5,22.0,retard matiere premiere,33.0,67.75,0.1833,5028.92,192.37,2.37,20.6,51.3,mars
2023-12-05,matin,324.54,19.0,73.5,4.46,43.51,103.97,6.57,26.0,aucun,0.0,69.32,0.2136,4621.47,150.85,1.41,25.5,74.7,decembre
2023-08-01,matin,263.04,18.45,71.23,3.96,31.5,104.34,6.65,33.0,maintenance,120.0,40.33,0.1533,2765.05,94.97,0.57,30.9,43.3,aout
2023-03-22,apres-midi,216.1,15.72,75.52,4.27,27.9,104.31,6.68,29.0,retard matiere premiere,42.0,29.48,0.1364,2968.74,79.09,0.54,19.7,70.5,mars
2023-07-21,matin,341.15,17.94,71.71,2.18,40.88,104.03,6.6,31.0,aucun,0.0,66.85,0.196,4717.24,115.72,0.81,18.6,60.2,juillet
2023-07-12,apres-midi,193.16,17.13,74.34,4.8,19.81,102.66,6.64,23.0,maintenance,86.0,28.02,0.1451,2249.68,81.85,2.19,21.1,70.8,juillet
2023-07-14,matin,220.98,18.12,73.18,2.49,25.7,103.87,6.47,29.0,aucun,0.0,43.89,0.1986,2516.91,89.52,1.69,22.1,68.1,juillet
2023-05-16,matin,330.75,18.3,70.74,4.79,44.6,103.92,6.68,22.0,aucun,0.0,66.39,0.2007,4348.45,100.21,0.81,29.9,67.1,mai
2023-03-05,matin,163.48,15.98,71.04,2.09,18.94,102.84,6.64,32.0,aucun,0.0,25.76,0.1576,2155.6,88.79,0.9,30.9,56.7,mars
2023-03-11,matin,252.75,17.26,75.85,2.61,34.41,102.1,6.34,21.0,aucun,0.0,45.67,0.1807,2909.94,93.86,0.9,18.2,54.6,mars
2023-10-26,apres-midi,417.28,16.32,74.38,3.16,51.6,103.33,6.66,28.0,aucun,0.0,67.75,0.1624,4309.43,183.44,1.37,18.9,57.9,octobre
2023-08-08,apres-midi,150.0,16.85,70.26,4.24,20.25,103.17,6.24,25.0,aucun,0.0,25.96,0.1731,2090.17,84.1,1.71,30.4,55.3,aout
2023-09-08,matin,195.71,17.04,74.85,2.19,26.38,102.41,6.61,30.0,aucun,0.0,34.65,0.177,2669.0,61.84,1.75,26.0,65.3,septembre
2023-06-08,matin,263.86,17.07,74.6,3.86,31.46,103.9,6.68,34.0,aucun,0.0,46.49,0.1762,3301.9,119.35,0.66,22.0,53.9,juin
2023-08-10,apres-midi,305.63,17.26,71.88,3.3,37.42,104.08,6.5,27.0,aucun,0.0,55.46,0.1815,4322.06,181.74,1.85,31.7,67.2,aout
2023-06-16,matin,298.35,16.92,75.12,4.75,36.74,102.9,6.46,31.0,aucun,0.0,51.44,0.1724,3666.83,131.02,1.81,22.5,40.2,juin
2023-04-26,matin,150.0,16.03,75.32,3.81,20.49,104.19,6.71,24.0,aucun,0.0,23.38,0.1559,1549.88,88.06,1.61,19.0,55.6,avril
2023-06-16,apres-midi,192.92,17.14,75.1,3.26,24.42,102.41,6.5,25.0,aucun,0.0,34.33,0.178,2076.34,76.28,0.69,23.8,71.3,juin
2023-04-27,matin,280.36,16.2,73.44,4.99,35.03,104.25,6.39,32.0,aucun,0.0,44.51,0.1587,2871.22,123.06,0.82,28.4,42.2,avril
2023-01-09,matin,323.03,17.22,77.49,2.06,39.15,102.16,6.58,24.0,aucun,0.0,58.08,0.1798,3407.37,113.29,1.43,28.9,69.9,janvier
2023-07-22,matin,208.64,17.62,70.65,2.26,26.45,103.09,6.49,29.0,panne equipement,114.0,30.22,0.1448,2194.32,90.76,1.86,19.9,67.8,juillet
2023-06-14,apres-midi,406.67,16.12,77.76,3.33,50.3,104.58,6.24,27.0,aucun,0.0,63.9,0.1571,5311.96,151.11,0.98,18.2,53.9,juin
,apres-midi,228.94,18.47,73.5,4.25,29.01,102.95,6.21,28.0,aucun,0.0,46.61,0.2036,3194.1,82.1,1.84,19.3,54.2,
2023-02-09,matin,315.28,16.96,76.39,4.37,35.65,102.25,6.3,30.0,aucun,0.0,54.55,0.173,4324.71,125.4,0.86,18.7,48.8,fevrier
2023-07-03,matin,281.18,17.34,72.2,3.92,36.18,104.84,6.29,30.0,aucun,0.0,51.25,0.1716,3629.39,125.07,1.32,24.0,55.9,juillet
2023-03-03,apres-midi,285.56,16.33,71.14,2.51,34.85,104.86,6.38,26.0,aucun,0.0,46.86,0.1641,3348.31,96.7,1.52,27.9,42.7,mars
